[
	{
		"metadata": {
			"updatedOn": 1629706477000,
			"updatedBy": "XXXX",
			"createdBy": "XXXX",
			"createdOn": 1628373024000,
			"context": {
				"id": "SUB_ACCOUNT",
				"contextType": "sub_account",
				"tenantId": "XXXX",
				"identityZoneId": "XXXX",
				"instanceId": "XXXX"
			}
		},
		"cdm": {
			"texts": {
				"cdm|identification|title": {
					"type": "XTIT",
					"value": {
						"": "Project Manager",
						"en": ""
					}
				},
				"cdm|identification|description": {
					"type": "XTIT",
					"value": {
						"": "Project Manager MS",
						"en": ""
					}
				}
			},
			"payload": {
				"apps": []
			},
			"_version": "3.0",
			"relations": {
				"apps": [
					{
						"label": "ref",
						"target": {
							"id": "60f138a4-1df7-43cd-bfd9-63155237425c",
							"context": {
								"id": "SUB_ACCOUNT",
								"type": "SUB_ACCOUNT"
							},
							"entityType": "businessapp"
						}
					},
					{
						"label": "ref",
						"target": {
							"id": "87013c98-3fb6-4ae9-9ba2-3fdd1c754cba",
							"context": {
								"id": "SUB_ACCOUNT",
								"type": "SUB_ACCOUNT"
							},
							"entityType": "businessapp"
						}
					},
					{
						"label": "ref",
						"target": {
							"id": "1684d0d3-07b2-46fe-aacf-09e991349e76",
							"context": {
								"id": "SUB_ACCOUNT",
								"type": "SUB_ACCOUNT"
							},
							"entityType": "businessapp"
						}
					},
					{
						"label": "ref",
						"target": {
							"id": "9a854929-146c-45bf-951e-c0bbfac6a18a",
							"context": {
								"id": "SUB_ACCOUNT",
								"type": "SUB_ACCOUNT"
							},
							"entityType": "businessapp"
						}
					},
					{
						"label": "ref",
						"target": {
							"id": "143f3bec-6ef2-4dbd-92e0-66386d346f0b",
							"context": {
								"id": "SUB_ACCOUNT",
								"type": "SUB_ACCOUNT"
							},
							"entityType": "businessapp"
						}
					},
					{
						"label": "ref",
						"target": {
							"id": "8a81f5ef-7e09-428d-b0ac-b5ea7418c81f",
							"context": {
								"id": "SUB_ACCOUNT",
								"type": "SUB_ACCOUNT"
							},
							"entityType": "businessapp"
						}
					},
					{
						"label": "ref",
						"target": {
							"id": "c4c24f37-15de-41e7-83c9-7709019aac04",
							"context": {
								"id": "SUB_ACCOUNT",
								"type": "SUB_ACCOUNT"
							},
							"entityType": "businessapp"
						}
					},
					{
						"label": "ref",
						"target": {
							"id": "a72a1a25-b29d-4539-9ad0-017ac5bb0a94",
							"context": {
								"id": "SUB_ACCOUNT",
								"type": "SUB_ACCOUNT"
							},
							"entityType": "businessapp"
						}
					},
					{
						"label": "ref",
						"target": {
							"id": "45e8b5c2-b537-4157-9f04-b280fe6400d7",
							"context": {
								"id": "SUB_ACCOUNT",
								"type": "SUB_ACCOUNT"
							},
							"entityType": "businessapp"
						}
					},
					{
						"label": "ref",
						"target": {
							"id": "928068e9-64be-4f75-b7fd-10d67277dd83",
							"context": {
								"id": "SUB_ACCOUNT",
								"type": "SUB_ACCOUNT"
							},
							"entityType": "businessapp"
						}
					},
					{
						"label": "ref",
						"target": {
							"id": "1413b162-d70c-4fb2-8fe0-5eb5c6bc9b10",
							"context": {
								"id": "SUB_ACCOUNT",
								"type": "SUB_ACCOUNT"
							},
							"entityType": "businessapp"
						}
					},
					{
						"label": "ref",
						"target": {
							"id": "ce0a4546-87ae-476e-a527-beced8639f36",
							"context": {
								"id": "SUB_ACCOUNT",
								"type": "SUB_ACCOUNT"
							},
							"entityType": "businessapp"
						}
					},
					{
						"label": "ref",
						"target": {
							"id": "3d88d120-2910-4924-9f22-99de8fd0d373",
							"context": {
								"id": "SUB_ACCOUNT",
								"type": "SUB_ACCOUNT"
							},
							"entityType": "businessapp"
						}
					}
				]
			},
			"identification": {
				"id": "SAP_BR_PROJECT_MGR_MS",
				"title": "{{cdm|identification|title}}",
				"entityType": "role",
				"description": "{{cdm|identification|description}}"
			}
		}
	}
]