[
	{
		"metadata": {
			"updatedOn": 1628373024000,
			"updatedBy": "XXXX",
			"createdBy": "XXXX",
			"createdOn": 1628373024000,
			"context": {
				"id": "SUB_ACCOUNT",
				"contextType": "sub_account",
				"tenantId": "XXXX",
				"identityZoneId": "XXXX",
				"instanceId": "XXXX"
			}
		},
		"cdm": {
			"texts": {
				"cdm|identification|title": {
					"type": "XTIT",
					"value": {
						"": "Maintain Picking Sequence",
						"en": ""
					}
				},
				"cdm|identification|description": {
					"type": "XTIT",
					"value": {
						"": "PROD.F4711",
						"en": ""
					}
				},
				"cdm|payload|visualizations|Default-VizId|vizConfig|sap.app|info": {
					"type": "XTIT",
					"value": {
						"": "",
						"en": ""
					}
				},
				"cdm|payload|visualizations|Default-VizId|vizConfig|sap.app|subTitle": {
					"type": "XTIT",
					"value": {
						"": "",
						"en": ""
					}
				}
			},
			"payload": {
				"defaultViz": "Default-VizId",
				"visualizations": {
					"Default-VizId": {
						"vizType": "sap.ushell.StaticAppLauncher",
						"vizConfig": {
							"sap.ui": {
								"icons": {
									"icon": ""
								}
							},
							"sap.app": {
								"info": "{{cdm|payload|visualizations|Default-VizId|vizConfig|sap.app|info}}",
								"subTitle": "{{cdm|payload|visualizations|Default-VizId|vizConfig|sap.app|subTitle}}"
							},
							"sap.flp": {
								"target": {
									"type": "IBN",
									"inboundId": "__GenericDefaultSemantic-__GenericDefaultAction",
									"parameters": {}
								}
							}
						}
					}
				},
				"targetAppConfig": {
					"sap.app": {
						"tags": {
							"keywords": []
						},
						"destination": "ppmgfour",
						"crossNavigation": {
							"inbounds": {
								"__GenericDefaultSemantic-__GenericDefaultAction": {
									"action": "maintainPickingSequence",
									"signature": {
										"parameters": {},
										"additionalParameters": "allowed"
									},
									"deviceTypes": {
										"phone": true,
										"tablet": true,
										"desktop": true
									},
									"semanticObject": "Store"
								}
							}
						}
					},
					"_version": "1.13.0",
					"sap.integration": {
						"navMode": "inplace",
						"urlTemplateId": "urltemplate.fiori",
						"urlTemplateParams": {
							"appId": "retail.store.productgroupseqs1"
						}
					}
				}
			},
			"_version": "3.0",
			"identification": {
				"id": "7b5f2fb6-f303-43f9-9cac-613267431d5a",
				"title": "{{cdm|identification|title}}",
				"entityType": "businessapp",
				"description": "{{cdm|identification|description}}"
			}
		}
	},
	{
		"metadata": {
			"updatedOn": 1628373024000,
			"updatedBy": "XXXX",
			"createdBy": "XXXX",
			"createdOn": 1628373024000,
			"context": {
				"id": "SUB_ACCOUNT",
				"contextType": "sub_account",
				"tenantId": "XXXX",
				"identityZoneId": "XXXX",
				"instanceId": "XXXX"
			}
		},
		"cdm": {
			"texts": {
				"cdm|identification|title": {
					"type": "XTIT",
					"value": {
						"": "Hand Over Orders",
						"en": ""
					}
				},
				"cdm|identification|description": {
					"type": "XTIT",
					"value": {
						"": "PROD.F4639",
						"en": ""
					}
				},
				"cdm|payload|visualizations|Default-VizId|vizConfig|sap.app|info": {
					"type": "XTIT",
					"value": {
						"": "",
						"en": ""
					}
				},
				"cdm|payload|visualizations|Default-VizId|vizConfig|sap.app|subTitle": {
					"type": "XTIT",
					"value": {
						"": "",
						"en": ""
					}
				}
			},
			"payload": {
				"defaultViz": "Default-VizId",
				"visualizations": {
					"Default-VizId": {
						"vizType": "sap.ushell.StaticAppLauncher",
						"vizConfig": {
							"sap.ui": {
								"icons": {
									"icon": ""
								}
							},
							"sap.app": {
								"info": "{{cdm|payload|visualizations|Default-VizId|vizConfig|sap.app|info}}",
								"subTitle": "{{cdm|payload|visualizations|Default-VizId|vizConfig|sap.app|subTitle}}"
							},
							"sap.flp": {
								"target": {
									"type": "IBN",
									"inboundId": "__GenericDefaultSemantic-__GenericDefaultAction",
									"parameters": {}
								}
							}
						}
					}
				},
				"targetAppConfig": {
					"sap.app": {
						"tags": {
							"keywords": []
						},
						"destination": "ppsfourp",
						"crossNavigation": {
							"inbounds": {
								"__GenericDefaultSemantic-__GenericDefaultAction": {
									"action": "manageHandover",
									"signature": {
										"parameters": {},
										"additionalParameters": "allowed"
									},
									"deviceTypes": {
										"phone": true,
										"tablet": true,
										"desktop": true
									},
									"semanticObject": "StorePickupOrder"
								}
							}
						}
					},
					"_version": "1.13.0",
					"sap.integration": {
						"navMode": "inplace",
						"urlTemplateId": "urltemplate.fiori",
						"urlTemplateParams": {
							"appId": "retail.store.handoverproducts1"
						}
					}
				}
			},
			"_version": "3.0",
			"identification": {
				"id": "c9257c55-cac0-456f-acd5-ec3236ba4725",
				"title": "{{cdm|identification|title}}",
				"entityType": "businessapp",
				"description": "{{cdm|identification|description}}"
			}
		}
	},
	{
		"metadata": {
			"updatedOn": 1628373024000,
			"updatedBy": "XXXX",
			"createdBy": "XXXX",
			"createdOn": 1628373024000,
			"context": {
				"id": "SUB_ACCOUNT",
				"contextType": "sub_account",
				"tenantId": "XXXX",
				"identityZoneId": "XXXX",
				"instanceId": "XXXX"
			}
		},
		"cdm": {
			"texts": {
				"cdm|identification|title": {
					"type": "XTIT",
					"value": {
						"": "Assign Associates to Stores",
						"en": ""
					}
				},
				"cdm|identification|description": {
					"type": "XTIT",
					"value": {
						"": "PROD.F4334",
						"en": ""
					}
				},
				"cdm|payload|visualizations|Default-VizId|vizConfig|sap.app|info": {
					"type": "XTIT",
					"value": {
						"": "",
						"en": ""
					}
				},
				"cdm|payload|visualizations|Default-VizId|vizConfig|sap.app|subTitle": {
					"type": "XTIT",
					"value": {
						"": "",
						"en": ""
					}
				}
			},
			"payload": {
				"defaultViz": "Default-VizId",
				"visualizations": {
					"Default-VizId": {
						"vizType": "sap.ushell.StaticAppLauncher",
						"vizConfig": {
							"sap.ui": {
								"icons": {
									"icon": "sap-icon://employee"
								}
							},
							"sap.app": {
								"info": "{{cdm|payload|visualizations|Default-VizId|vizConfig|sap.app|info}}",
								"subTitle": "{{cdm|payload|visualizations|Default-VizId|vizConfig|sap.app|subTitle}}"
							},
							"sap.flp": {
								"target": {
									"type": "IBN",
									"inboundId": "__GenericDefaultSemantic-__GenericDefaultAction",
									"parameters": {}
								}
							}
						}
					}
				},
				"targetAppConfig": {
					"sap.app": {
						"tags": {
							"keywords": []
						},
						"destination": "ppmgfour",
						"crossNavigation": {
							"inbounds": {
								"__GenericDefaultSemantic-__GenericDefaultAction": {
									"action": "assignUserMgr",
									"signature": {
										"parameters": {},
										"additionalParameters": "allowed"
									},
									"deviceTypes": {
										"phone": true,
										"tablet": true,
										"desktop": true
									},
									"semanticObject": "Store"
								}
							}
						}
					},
					"_version": "1.13.0",
					"sap.integration": {
						"navMode": "inplace",
						"urlTemplateId": "urltemplate.fiori",
						"urlTemplateParams": {
							"appId": "retail.store.assignusers1"
						}
					}
				}
			},
			"_version": "3.0",
			"identification": {
				"id": "e85fb578-3595-45d5-a041-41087292be52",
				"title": "{{cdm|identification|title}}",
				"entityType": "businessapp",
				"description": "{{cdm|identification|description}}"
			}
		}
	},
	{
		"metadata": {
			"updatedOn": 1628373024000,
			"updatedBy": "XXXX",
			"createdBy": "XXXX",
			"createdOn": 1628373024000,
			"context": {
				"id": "SUB_ACCOUNT",
				"contextType": "sub_account",
				"tenantId": "XXXX",
				"identityZoneId": "XXXX",
				"instanceId": "XXXX"
			}
		},
		"cdm": {
			"texts": {
				"cdm|identification|title": {
					"type": "XTIT",
					"value": {
						"": "Count Products with RFID",
						"en": ""
					}
				},
				"cdm|identification|description": {
					"type": "XTIT",
					"value": {
						"": "PROD.F3579",
						"en": ""
					}
				},
				"cdm|payload|visualizations|Default-VizId|vizConfig|sap.app|info": {
					"type": "XTIT",
					"value": {
						"": "",
						"en": ""
					}
				},
				"cdm|payload|visualizations|Default-VizId|vizConfig|sap.app|subTitle": {
					"type": "XTIT",
					"value": {
						"": "",
						"en": ""
					}
				}
			},
			"payload": {
				"defaultViz": "Default-VizId",
				"visualizations": {
					"Default-VizId": {
						"vizType": "sap.ushell.StaticAppLauncher",
						"vizConfig": {
							"sap.ui": {
								"icons": {
									"icon": ""
								}
							},
							"sap.app": {
								"info": "{{cdm|payload|visualizations|Default-VizId|vizConfig|sap.app|info}}",
								"subTitle": "{{cdm|payload|visualizations|Default-VizId|vizConfig|sap.app|subTitle}}"
							},
							"sap.flp": {
								"target": {
									"type": "IBN",
									"inboundId": "__GenericDefaultSemantic-__GenericDefaultAction",
									"parameters": {}
								}
							}
						}
					}
				},
				"targetAppConfig": {
					"sap.app": {
						"tags": {
							"keywords": []
						},
						"destination": "ppmgfour",
						"crossNavigation": {
							"inbounds": {
								"__GenericDefaultSemantic-__GenericDefaultAction": {
									"action": "countWithRfid",
									"signature": {
										"parameters": {},
										"additionalParameters": "allowed"
									},
									"deviceTypes": {
										"phone": true,
										"tablet": true,
										"desktop": true
									},
									"semanticObject": "Article"
								}
							}
						}
					},
					"_version": "1.13.0",
					"sap.integration": {
						"navMode": "inplace",
						"urlTemplateId": "urltemplate.fiori",
						"urlTemplateParams": {
							"appId": "retail.store.cntproductrfids1"
						}
					}
				}
			},
			"_version": "3.0",
			"identification": {
				"id": "1b6b6614-b75f-4abc-b4eb-512e3bd77f1d",
				"title": "{{cdm|identification|title}}",
				"entityType": "businessapp",
				"description": "{{cdm|identification|description}}"
			}
		}
	},
	{
		"metadata": {
			"updatedOn": 1628373024000,
			"updatedBy": "XXXX",
			"createdBy": "XXXX",
			"createdOn": 1628373024000,
			"context": {
				"id": "SUB_ACCOUNT",
				"contextType": "sub_account",
				"tenantId": "XXXX",
				"identityZoneId": "XXXX",
				"instanceId": "XXXX"
			}
		},
		"cdm": {
			"texts": {
				"cdm|identification|title": {
					"type": "XTIT",
					"value": {
						"": "Receive Products",
						"en": ""
					}
				},
				"cdm|identification|description": {
					"type": "XTIT",
					"value": {
						"": "PROD.F1248",
						"en": ""
					}
				},
				"cdm|payload|visualizations|Default-VizId|vizConfig|sap.app|info": {
					"type": "XTIT",
					"value": {
						"": "",
						"en": ""
					}
				},
				"cdm|payload|visualizations|Default-VizId|vizConfig|sap.app|subTitle": {
					"type": "XTIT",
					"value": {
						"": "",
						"en": ""
					}
				}
			},
			"payload": {
				"defaultViz": "Default-VizId",
				"visualizations": {
					"Default-VizId": {
						"vizType": "sap.ushell.StaticAppLauncher",
						"vizConfig": {
							"sap.ui": {
								"icons": {
									"icon": "sap-icon://Fiori8/F1248"
								}
							},
							"sap.app": {
								"info": "{{cdm|payload|visualizations|Default-VizId|vizConfig|sap.app|info}}",
								"subTitle": "{{cdm|payload|visualizations|Default-VizId|vizConfig|sap.app|subTitle}}"
							},
							"sap.flp": {
								"target": {
									"type": "IBN",
									"inboundId": "__GenericDefaultSemantic-__GenericDefaultAction",
									"parameters": {}
								}
							}
						}
					}
				},
				"targetAppConfig": {
					"sap.app": {
						"tags": {
							"keywords": []
						},
						"destination": "ppmgfour",
						"crossNavigation": {
							"inbounds": {
								"__GenericDefaultSemantic-__GenericDefaultAction": {
									"action": "receive",
									"signature": {
										"parameters": {},
										"additionalParameters": "allowed"
									},
									"deviceTypes": {
										"phone": true,
										"tablet": true,
										"desktop": true
									},
									"semanticObject": "Article"
								}
							}
						}
					},
					"_version": "1.13.0",
					"sap.integration": {
						"navMode": "inplace",
						"urlTemplateId": "urltemplate.fiori",
						"urlTemplateParams": {
							"appId": "retail.store.receiveproducts1"
						}
					}
				}
			},
			"_version": "3.0",
			"identification": {
				"id": "d4ff14fb-6daf-41eb-9246-f6c6226d8848",
				"title": "{{cdm|identification|title}}",
				"entityType": "businessapp",
				"description": "{{cdm|identification|description}}"
			}
		}
	},
	{
		"metadata": {
			"updatedOn": 1628373024000,
			"updatedBy": "XXXX",
			"createdBy": "XXXX",
			"createdOn": 1628373024000,
			"context": {
				"id": "SUB_ACCOUNT",
				"contextType": "sub_account",
				"tenantId": "XXXX",
				"identityZoneId": "XXXX",
				"instanceId": "XXXX"
			}
		},
		"cdm": {
			"texts": {
				"cdm|identification|title": {
					"type": "XTIT",
					"value": {
						"": "Look-up Retail Products",
						"en": ""
					}
				},
				"cdm|identification|description": {
					"type": "XTIT",
					"value": {
						"": "PROD.F0431",
						"en": ""
					}
				},
				"cdm|payload|visualizations|Default-VizId|vizConfig|sap.app|info": {
					"type": "XTIT",
					"value": {
						"": "",
						"en": ""
					}
				},
				"cdm|payload|visualizations|Default-VizId|vizConfig|sap.app|subTitle": {
					"type": "XTIT",
					"value": {
						"": "",
						"en": ""
					}
				}
			},
			"payload": {
				"defaultViz": "Default-VizId",
				"visualizations": {
					"Default-VizId": {
						"vizType": "sap.ushell.StaticAppLauncher",
						"vizConfig": {
							"sap.ui": {
								"icons": {
									"icon": "sap-icon://Fiori3/F0535"
								}
							},
							"sap.app": {
								"info": "{{cdm|payload|visualizations|Default-VizId|vizConfig|sap.app|info}}",
								"subTitle": "{{cdm|payload|visualizations|Default-VizId|vizConfig|sap.app|subTitle}}"
							},
							"sap.flp": {
								"target": {
									"type": "IBN",
									"inboundId": "__GenericDefaultSemantic-__GenericDefaultAction",
									"parameters": {}
								}
							}
						}
					}
				},
				"targetAppConfig": {
					"sap.app": {
						"tags": {
							"keywords": []
						},
						"destination": "ppmgfour",
						"crossNavigation": {
							"inbounds": {
								"__GenericDefaultSemantic-__GenericDefaultAction": {
									"action": "lookup",
									"signature": {
										"parameters": {},
										"additionalParameters": "allowed"
									},
									"deviceTypes": {
										"phone": true,
										"tablet": true,
										"desktop": true
									},
									"semanticObject": "Article"
								}
							}
						}
					},
					"_version": "1.13.0",
					"sap.integration": {
						"navMode": "inplace",
						"urlTemplateId": "urltemplate.fiori",
						"urlTemplateParams": {
							"appId": "retail.store.productlookups1"
						}
					}
				}
			},
			"_version": "3.0",
			"identification": {
				"id": "c3b62741-67b7-42d9-a85b-68e78b73d89c",
				"title": "{{cdm|identification|title}}",
				"entityType": "businessapp",
				"description": "{{cdm|identification|description}}"
			}
		}
	},
	{
		"metadata": {
			"updatedOn": 1628595436000,
			"updatedBy": "XXXX",
			"createdBy": "XXXX",
			"createdOn": 1628595436000,
			"context": {
				"id": "SUB_ACCOUNT",
				"contextType": "sub_account",
				"tenantId": "XXXX",
				"identityZoneId": "XXXX",
				"instanceId": "XXXX"
			}
		},
		"cdm": {
			"texts": {
				"cdm|identification|title": {
					"type": "XTIT",
					"value": {
						"": "SAP Analytical Cloud",
						"en": ""
					}
				},
				"cdm|identification|description": {
					"type": "XTIT",
					"value": {
						"": "Native App",
						"en": ""
					}
				},
				"cdm|payload|visualizations|Default-VizId|vizConfig|sap.app|info": {
					"type": "XTIT",
					"value": {
						"": "",
						"en": ""
					}
				},
				"cdm|payload|visualizations|Default-VizId|vizConfig|sap.app|subTitle": {
					"type": "XTIT",
					"value": {
						"": "Analytics",
						"en": ""
					}
				}
			},
			"payload": {
				"defaultViz": "Default-VizId",
				"visualizations": {
					"Default-VizId": {
						"vizType": "sap.ushell.StaticAppLauncher",
						"vizConfig": {
							"sap.ui": {
								"icons": {
									"icon": "https://is3-ssl.mzstatic.com/image/thumb/Purple125/v4/86/e9/d6/86e9d6af-bf65-943e-3d5f-8f062d9283d8/AppIcon-1x_U007emarketing-0-7-0-85-220.png/460x0w.png"
								}
							},
							"sap.app": {
								"info": "{{cdm|payload|visualizations|Default-VizId|vizConfig|sap.app|info}}",
								"subTitle": "{{cdm|payload|visualizations|Default-VizId|vizConfig|sap.app|subTitle}}"
							},
							"sap.flp": {
								"target": {
									"type": "IBN",
									"inboundId": "__GenericDefaultSemantic-__GenericDefaultAction",
									"parameters": {}
								}
							}
						}
					}
				},
				"targetAppConfig": {
					"sap.app": {
						"tags": {
							"keywords": []
						},
						"crossNavigation": {
							"inbounds": {
								"__GenericDefaultSemantic-__GenericDefaultAction": {
									"action": "cloud",
									"signature": {
										"parameters": {},
										"additionalParameters": "allowed"
									},
									"deviceTypes": {
										"phone": true,
										"tablet": true,
										"desktop": true
									},
									"semanticObject": "analytics"
								}
							}
						}
					},
					"_version": "1.13.0",
					"sap.integration": {
						"navMode": "inplace",
						"urlTemplateId": "urltemplate.nativeIOS",
						"urlTemplateParams": {
							"startUrl": "sap-analytics-cloud://",
							"installUrl": "https://apps.apple.com/us/app/sap-analytics-cloud/id981727250"
						}
					}
				}
			},
			"_version": "3.0",
			"identification": {
				"id": "ce0a4546-87ae-476e-a527-beced8639f36",
				"title": "{{cdm|identification|title}}",
				"entityType": "businessapp",
				"description": "{{cdm|identification|description}}"
			}
		}
	},
	{
		"metadata": {
			"updatedOn": 1628373024000,
			"updatedBy": "XXXX",
			"createdBy": "XXXX",
			"createdOn": 1628373024000,
			"context": {
				"id": "SUB_ACCOUNT",
				"contextType": "sub_account",
				"tenantId": "XXXX",
				"identityZoneId": "XXXX",
				"instanceId": "XXXX"
			}
		},
		"cdm": {
			"texts": {
				"cdm|identification|title": {
					"type": "XTIT",
					"value": {
						"": "Transfer Products",
						"en": ""
					}
				},
				"cdm|identification|description": {
					"type": "XTIT",
					"value": {
						"": "PROD.F2449",
						"en": ""
					}
				},
				"cdm|payload|visualizations|Default-VizId|vizConfig|sap.app|info": {
					"type": "XTIT",
					"value": {
						"": "",
						"en": ""
					}
				},
				"cdm|payload|visualizations|Default-VizId|vizConfig|sap.app|subTitle": {
					"type": "XTIT",
					"value": {
						"": "",
						"en": ""
					}
				}
			},
			"payload": {
				"defaultViz": "Default-VizId",
				"visualizations": {
					"Default-VizId": {
						"vizType": "sap.ushell.StaticAppLauncher",
						"vizConfig": {
							"sap.ui": {
								"icons": {
									"icon": ""
								}
							},
							"sap.app": {
								"info": "{{cdm|payload|visualizations|Default-VizId|vizConfig|sap.app|info}}",
								"subTitle": "{{cdm|payload|visualizations|Default-VizId|vizConfig|sap.app|subTitle}}"
							},
							"sap.flp": {
								"target": {
									"type": "IBN",
									"inboundId": "__GenericDefaultSemantic-__GenericDefaultAction",
									"parameters": {}
								}
							}
						}
					}
				},
				"targetAppConfig": {
					"sap.app": {
						"tags": {
							"keywords": []
						},
						"destination": "ppmgfour",
						"crossNavigation": {
							"inbounds": {
								"__GenericDefaultSemantic-__GenericDefaultAction": {
									"action": "transfer",
									"signature": {
										"parameters": {
											"createTransfer": {
												"renameTo": "",
												"required": false
											}
										},
										"additionalParameters": "allowed"
									},
									"deviceTypes": {
										"phone": true,
										"tablet": true,
										"desktop": true
									},
									"semanticObject": "Article"
								}
							}
						}
					},
					"_version": "1.13.0",
					"sap.integration": {
						"navMode": "inplace",
						"urlTemplateId": "urltemplate.fiori",
						"urlTemplateParams": {
							"appId": "retail.store.transferproducts1"
						}
					}
				}
			},
			"_version": "3.0",
			"identification": {
				"id": "4fd9b9d5-7fb1-4c1c-91f7-0ec6e95dbbdd",
				"title": "{{cdm|identification|title}}",
				"entityType": "businessapp",
				"description": "{{cdm|identification|description}}"
			}
		}
	},
	{
		"metadata": {
			"updatedOn": 1628373024000,
			"updatedBy": "XXXX",
			"createdBy": "XXXX",
			"createdOn": 1628373024000,
			"context": {
				"id": "SUB_ACCOUNT",
				"contextType": "sub_account",
				"tenantId": "XXXX",
				"identityZoneId": "XXXX",
				"instanceId": "XXXX"
			}
		},
		"cdm": {
			"texts": {
				"cdm|identification|title": {
					"type": "XTIT",
					"value": {
						"": "Move Products with RFID",
						"en": ""
					}
				},
				"cdm|identification|description": {
					"type": "XTIT",
					"value": {
						"": "PROD.F3997",
						"en": ""
					}
				},
				"cdm|payload|visualizations|Default-VizId|vizConfig|sap.app|info": {
					"type": "XTIT",
					"value": {
						"": "",
						"en": ""
					}
				},
				"cdm|payload|visualizations|Default-VizId|vizConfig|sap.app|subTitle": {
					"type": "XTIT",
					"value": {
						"": "",
						"en": ""
					}
				}
			},
			"payload": {
				"defaultViz": "Default-VizId",
				"visualizations": {
					"Default-VizId": {
						"vizType": "sap.ushell.StaticAppLauncher",
						"vizConfig": {
							"sap.ui": {
								"icons": {
									"icon": ""
								}
							},
							"sap.app": {
								"info": "{{cdm|payload|visualizations|Default-VizId|vizConfig|sap.app|info}}",
								"subTitle": "{{cdm|payload|visualizations|Default-VizId|vizConfig|sap.app|subTitle}}"
							},
							"sap.flp": {
								"target": {
									"type": "IBN",
									"inboundId": "__GenericDefaultSemantic-__GenericDefaultAction",
									"parameters": {}
								}
							}
						}
					}
				},
				"targetAppConfig": {
					"sap.app": {
						"tags": {
							"keywords": []
						},
						"destination": "ppmgfour",
						"crossNavigation": {
							"inbounds": {
								"__GenericDefaultSemantic-__GenericDefaultAction": {
									"action": "moveWithRfid",
									"signature": {
										"parameters": {
											"leftStorageLocation": {
												"renameTo": "",
												"required": false
											},
											"rightStorageLocation": {
												"renameTo": "",
												"required": false
											}
										},
										"additionalParameters": "allowed"
									},
									"deviceTypes": {
										"phone": true,
										"tablet": true,
										"desktop": true
									},
									"semanticObject": "Article"
								}
							}
						}
					},
					"_version": "1.13.0",
					"sap.integration": {
						"navMode": "inplace",
						"urlTemplateId": "urltemplate.fiori",
						"urlTemplateParams": {
							"appId": "retail.store.moveproductrfids1"
						}
					}
				}
			},
			"_version": "3.0",
			"identification": {
				"id": "c4de9246-3626-4f5c-86f3-caf53c302ffe",
				"title": "{{cdm|identification|title}}",
				"entityType": "businessapp",
				"description": "{{cdm|identification|description}}"
			}
		}
	},
	{
		"metadata": {
			"updatedOn": 1628850739000,
			"updatedBy": "XXXX",
			"createdBy": "XXXX",
			"createdOn": 1628843745000,
			"context": {
				"id": "SUB_ACCOUNT",
				"contextType": "sub_account",
				"tenantId": "XXXX",
				"identityZoneId": "XXXX",
				"instanceId": "XXXX"
			}
		},
		"cdm": {
			"texts": {
				"cdm|identification|title": {
					"type": "XTIT",
					"value": {
						"": "Learning by SuccessFactors",
						"en": ""
					}
				},
				"cdm|identification|description": {
					"type": "XTIT",
					"value": {
						"": "Learning by SuccessFactors",
						"en": ""
					}
				},
				"cdm|payload|visualizations|Default-VizId|vizConfig|sap.app|info": {
					"type": "XTIT",
					"value": {
						"": "",
						"en": ""
					}
				},
				"cdm|payload|visualizations|Default-VizId|vizConfig|sap.app|subTitle": {
					"type": "XTIT",
					"value": {
						"": "",
						"en": ""
					}
				}
			},
			"payload": {
				"defaultViz": "Default-VizId",
				"visualizations": {
					"Default-VizId": {
						"vizType": "sap.ushell.StaticAppLauncher",
						"vizConfig": {
							"sap.ui": {
								"icons": {
									"icon": "https://is1-ssl.mzstatic.com/image/thumb/Purple125/v4/43/ad/62/43ad623e-5c4d-0ce4-68e6-f1da173ef0e0/AppIconValidatedPreview-1x_U007emarketing-0-6-0-85-220.png/146x0w.png"
								}
							},
							"sap.app": {
								"info": "{{cdm|payload|visualizations|Default-VizId|vizConfig|sap.app|info}}",
								"subTitle": "{{cdm|payload|visualizations|Default-VizId|vizConfig|sap.app|subTitle}}"
							},
							"sap.flp": {
								"target": {
									"type": "IBN",
									"inboundId": "__GenericDefaultSemantic-__GenericDefaultAction",
									"parameters": {
										"mobilestart.startUrl": {
											"value": {
												"value": "bizx://?urlType=deeplink&deeplinkType=learning",
												"format": "plain"
											}
										},
										"mobilestart.installUrl": {
											"value": {
												"value": "https://apps.apple.com/us/app/learning-by-successfactors/id1030964007",
												"format": "plain"
											}
										}
									}
								}
							}
						}
					}
				},
				"targetAppConfig": {
					"sap.app": {
						"tags": {
							"keywords": []
						},
						"crossNavigation": {
							"inbounds": {
								"__GenericDefaultSemantic-__GenericDefaultAction": {
									"action": "start",
									"signature": {
										"parameters": {},
										"additionalParameters": "allowed"
									},
									"deviceTypes": {
										"phone": true,
										"tablet": true,
										"desktop": true
									},
									"semanticObject": "successfactorslearning"
								}
							}
						}
					},
					"_version": "1.13.0",
					"sap.integration": {
						"navMode": "inplace",
						"urlTemplateId": "urltemplate.nativeIOS",
						"urlTemplateParams": {
							"startUrl": "bizx://?urlType=deeplink&deeplinkType=learning",
							"installUrl": "https://apps.apple.com/us/app/learning-by-successfactors/id1030964007"
						}
					}
				}
			},
			"_version": "3.0",
			"identification": {
				"id": "3d88d120-2910-4924-9f22-99de8fd0d373",
				"title": "{{cdm|identification|title}}",
				"entityType": "businessapp",
				"description": "{{cdm|identification|description}}"
			}
		}
	},
	{
		"metadata": {
			"updatedOn": 1611151305000,
			"updatedBy": "XXXX",
			"createdBy": "XXXX",
			"createdOn": 1611151305000,
			"context": {
				"id": "SUB_ACCOUNT",
				"contextType": "sub_account",
				"tenantId": "XXXX",
				"identityZoneId": "XXXX",
				"instanceId": "XXXX"
			}
		},
		"cdm": {
			"texts": {
				"cdm|identification|title": {
					"type": "XTIT",
					"value": {
						"": "SuccessFactors - Org Chart",
						"en": ""
					}
				},
				"cdm|identification|description": {
					"type": "XTIT",
					"value": {
						"": "PROD.ios.SuccessFactors - Org Chart",
						"en": ""
					}
				},
				"cdm|payload|visualizations|Default-VizId|vizConfig|sap.app|info": {
					"type": "XTIT",
					"value": {
						"": "",
						"en": ""
					}
				},
				"cdm|payload|visualizations|Default-VizId|vizConfig|sap.app|subTitle": {
					"type": "XTIT",
					"value": {
						"": "",
						"en": ""
					}
				}
			},
			"payload": {
				"defaultViz": "Default-VizId",
				"visualizations": {
					"Default-VizId": {
						"vizType": "sap.ushell.StaticAppLauncher",
						"vizConfig": {
							"sap.ui": {
								"icons": {
									"icon": ""
								}
							},
							"sap.app": {
								"info": "{{cdm|payload|visualizations|Default-VizId|vizConfig|sap.app|info}}",
								"subTitle": "{{cdm|payload|visualizations|Default-VizId|vizConfig|sap.app|subTitle}}"
							},
							"sap.flp": {
								"target": {
									"type": "IBN",
									"inboundId": "__GenericDefaultSemantic-__GenericDefaultAction",
									"parameters": {
										"mobilestart.startUrl ": {
											"value": {
												"value": "bizx://?urlType=deeplink&deeplinkType=orgChart",
												"format": "plain"
											}
										},
										"mobilestart.installUrl": {
											"value": {
												"value": "https://apps.apple.com/de/app/successfactors/id426562526",
												"format": "plain"
											}
										}
									}
								}
							}
						}
					}
				},
				"targetAppConfig": {
					"sap.app": {
						"tags": {
							"keywords": []
						},
						"crossNavigation": {
							"inbounds": {
								"__GenericDefaultSemantic-__GenericDefaultAction": {
									"action": "start",
									"signature": {
										"parameters": {},
										"additionalParameters": "allowed"
									},
									"deviceTypes": {
										"phone": true,
										"tablet": true,
										"desktop": false
									},
									"semanticObject": "successfactorsorgchart"
								}
							}
						}
					},
					"_version": "1.13.0",
					"sap.integration": {
						"navMode": "inplace",
						"urlTemplateId": "urltemplate.url",
						"urlTemplateParams": {
							"url": "http://sap.com",
							"query": {},
							"enableSapParams": true
						}
					}
				}
			},
			"_version": "3.0",
			"identification": {
				"id": "45e8b5c2-b537-4157-9f04-b280fe6400d7",
				"title": "{{cdm|identification|title}}",
				"entityType": "businessapp",
				"description": "{{cdm|identification|description}}"
			}
		}
	},
	{
		"metadata": {
			"updatedOn": 1628595436000,
			"updatedBy": "XXXX",
			"createdBy": "XXXX",
			"createdOn": 1628595436000,
			"context": {
				"id": "SUB_ACCOUNT",
				"contextType": "sub_account",
				"tenantId": "XXXX",
				"identityZoneId": "XXXX",
				"instanceId": "XXXX"
			}
		},
		"cdm": {
			"texts": {
				"cdm|identification|title": {
					"type": "XTIT",
					"value": {
						"": "SuccessFactors ",
						"en": ""
					}
				},
				"cdm|identification|description": {
					"type": "XTIT",
					"value": {
						"": "DEMO - SAPIT",
						"en": ""
					}
				},
				"cdm|payload|visualizations|Default-VizId|vizConfig|sap.app|info": {
					"type": "XTIT",
					"value": {
						"": "SuccessFactors",
						"en": ""
					}
				},
				"cdm|payload|visualizations|Default-VizId|vizConfig|sap.app|subTitle": {
					"type": "XTIT",
					"value": {
						"": "Learning",
						"en": ""
					}
				}
			},
			"payload": {
				"defaultViz": "Default-VizId",
				"visualizations": {
					"Default-VizId": {
						"vizType": "sap.ushell.StaticAppLauncher",
						"vizConfig": {
							"sap.ui": {
								"icons": {
									"icon": "https://is4-ssl.mzstatic.com/image/thumb/Purple125/v4/84/79/72/847972bb-aa3f-c190-36bb-4a37f9c50449/AppIcon-1x_U007emarketing-0-6-0-85-220.png/230x0w.png"
								}
							},
							"sap.app": {
								"info": "{{cdm|payload|visualizations|Default-VizId|vizConfig|sap.app|info}}",
								"subTitle": "{{cdm|payload|visualizations|Default-VizId|vizConfig|sap.app|subTitle}}"
							},
							"sap.flp": {
								"target": {
									"type": "IBN",
									"inboundId": "__GenericDefaultSemantic-__GenericDefaultAction",
									"parameters": {
										"mobilestart.startUrl": {
											"value": {
												"value": "bizx://?urlType=deeplink&deeplinkType=profile",
												"format": "plain"
											}
										},
										"mobilestart.localIcon": {
											"value": {
												"value": "successFactors",
												"format": "plain"
											}
										},
										"mobilestart.installUrl ": {
											"value": {
												"value": "https://apps.apple.com/de/app/successfactors/id426562526",
												"format": "plain"
											}
										}
									}
								}
							}
						}
					}
				},
				"targetAppConfig": {
					"sap.app": {
						"tags": {
							"keywords": []
						},
						"crossNavigation": {
							"inbounds": {
								"__GenericDefaultSemantic-__GenericDefaultAction": {
									"action": "start",
									"signature": {
										"parameters": {},
										"additionalParameters": "allowed"
									},
									"deviceTypes": {
										"phone": true,
										"tablet": true,
										"desktop": true
									},
									"semanticObject": "successfactors"
								}
							}
						}
					},
					"_version": "1.13.0",
					"sap.integration": {
						"navMode": "inplace",
						"urlTemplateId": "urltemplate.nativeIOS",
						"urlTemplateParams": {
							"startUrl": "bizx://?urlType=deeplink&deeplinkType=profile",
							"installUrl": "https://apps.apple.com/de/app/successfactors/id426562526"
						}
					}
				}
			},
			"_version": "3.0",
			"identification": {
				"id": "a72a1a25-b29d-4539-9ad0-017ac5bb0a94",
				"title": "{{cdm|identification|title}}",
				"entityType": "businessapp",
				"description": "{{cdm|identification|description}}"
			}
		}
	},
	{
		"metadata": {
			"updatedOn": 1628595436000,
			"updatedBy": "XXXX",
			"createdBy": "XXXX",
			"createdOn": 1628595436000,
			"context": {
				"id": "SUB_ACCOUNT",
				"contextType": "sub_account",
				"tenantId": "XXXX",
				"identityZoneId": "XXXX",
				"instanceId": "XXXX"
			}
		},
		"cdm": {
			"texts": {
				"cdm|identification|title": {
					"type": "XTIT",
					"value": {
						"": "SAP Concur",
						"en": ""
					}
				},
				"cdm|identification|description": {
					"type": "XTIT",
					"value": {
						"": "Native App",
						"en": ""
					}
				},
				"cdm|payload|visualizations|Default-VizId|vizConfig|sap.app|info": {
					"type": "XTIT",
					"value": {
						"": "SAP Concur",
						"en": ""
					}
				},
				"cdm|payload|visualizations|Default-VizId|vizConfig|sap.app|subTitle": {
					"type": "XTIT",
					"value": {
						"": "Travel & Expenses",
						"en": ""
					}
				}
			},
			"payload": {
				"defaultViz": "Default-VizId",
				"visualizations": {
					"Default-VizId": {
						"vizType": "sap.ushell.StaticAppLauncher",
						"vizConfig": {
							"sap.ui": {
								"icons": {
									"icon": "https://is2-ssl.mzstatic.com/image/thumb/Purple115/v4/86/4a/4b/864a4b95-4978-5f7c-300a-4f597336ec0c/AppIcon-1x_U007emarketing-0-7-0-85-220.png/230x0w.png"
								}
							},
							"sap.app": {
								"info": "{{cdm|payload|visualizations|Default-VizId|vizConfig|sap.app|info}}",
								"subTitle": "{{cdm|payload|visualizations|Default-VizId|vizConfig|sap.app|subTitle}}"
							},
							"sap.flp": {
								"target": {
									"type": "IBN",
									"inboundId": "__GenericDefaultSemantic-__GenericDefaultAction",
									"parameters": {
										"mobilestart.startUrl": {
											"value": {
												"value": "concurmobile://",
												"format": "plain"
											}
										},
										"mobilestart.localIcon": {
											"value": {
												"value": "concur",
												"format": "plain"
											}
										},
										"mobilestart.installUrl": {
											"value": {
												"value": "https://apps.apple.com/de/app/sap-concur/id335023774",
												"format": "plain"
											}
										}
									}
								}
							}
						}
					}
				},
				"targetAppConfig": {
					"sap.app": {
						"tags": {
							"keywords": []
						},
						"crossNavigation": {
							"inbounds": {
								"__GenericDefaultSemantic-__GenericDefaultAction": {
									"action": "start",
									"signature": {
										"parameters": {},
										"additionalParameters": "allowed"
									},
									"deviceTypes": {
										"phone": true,
										"tablet": true,
										"desktop": false
									},
									"semanticObject": "sapconcur"
								}
							}
						}
					},
					"_version": "1.13.0",
					"sap.integration": {
						"navMode": "explace",
						"urlTemplateId": "urltemplate.nativeIOS",
						"urlTemplateParams": {
							"startUrl": "concurmobile://",
							"installUrl": "https://apps.apple.com/de/app/sap-concur/id335023774"
						}
					}
				}
			},
			"_version": "3.0",
			"identification": {
				"id": "c4c24f37-15de-41e7-83c9-7709019aac04",
				"title": "{{cdm|identification|title}}",
				"entityType": "businessapp",
				"description": "{{cdm|identification|description}}"
			}
		}
	},
	{
		"metadata": {
			"updatedOn": 1628486867000,
			"updatedBy": "XXXX",
			"createdBy": "XXXX",
			"createdOn": 1628486867000,
			"context": {
				"id": "SUB_ACCOUNT",
				"contextType": "sub_account",
				"tenantId": "XXXX",
				"identityZoneId": "XXXX",
				"instanceId": "XXXX"
			}
		},
		"cdm": {
			"texts": {
				"cdm|identification|title": {
					"type": "XTIT",
					"value": {
						"": "Company News",
						"en": ""
					}
				},
				"cdm|identification|description": {
					"type": "XTIT",
					"value": {
						"": "TB SAP Today",
						"en": ""
					}
				},
				"cdm|payload|visualizations|Default-VizId|vizConfig|sap.app|info": {
					"type": "XTIT",
					"value": {
						"": "https://news.sap.com/feed/",
						"en": ""
					}
				},
				"cdm|payload|visualizations|Default-VizId|vizConfig|sap.app|subTitle": {
					"type": "XTIT",
					"value": {
						"": "SAP Today",
						"en": ""
					}
				}
			},
			"payload": {
				"defaultViz": "Default-VizId",
				"visualizations": {
					"Default-VizId": {
						"vizType": "sap.ushell.StaticAppLauncher",
						"vizConfig": {
							"sap.ui": {
								"icons": {
									"icon": "sap-icon://building"
								}
							},
							"sap.app": {
								"info": "{{cdm|payload|visualizations|Default-VizId|vizConfig|sap.app|info}}",
								"subTitle": "{{cdm|payload|visualizations|Default-VizId|vizConfig|sap.app|subTitle}}"
							},
							"sap.flp": {
								"target": {
									"type": "IBN",
									"inboundId": "__GenericDefaultSemantic-__GenericDefaultAction",
									"parameters": {
										"mobilestart.type": {
											"value": {
												"value": "news",
												"format": "plain"
											}
										},
										"mobilestart.feedUrl": {
											"value": {
												"value": "https://news.sap.com/feed/",
												"format": "plain"
											}
										},
										"mobilestart.feedItemTitle": {
											"value": {
												"value": "title",
												"format": "plain"
											}
										},
										"mobilestart.feedItemChannelTitle": {
											"value": {
												"value": "title",
												"format": "plain"
											}
										},
										"mobilestart.feedItemPublishingDate": {
											"value": {
												"value": "pubDate",
												"format": "plain"
											}
										},
										"mobilestart.feedItemNavigationTargetLink": {
											"value": {
												"value": "link",
												"format": "plain"
											}
										}
									}
								}
							}
						}
					}
				},
				"targetAppConfig": {
					"sap.app": {
						"tags": {
							"keywords": []
						},
						"crossNavigation": {
							"inbounds": {
								"__GenericDefaultSemantic-__GenericDefaultAction": {
									"action": "SAPTODAY_APP",
									"signature": {
										"parameters": {},
										"additionalParameters": "allowed"
									},
									"deviceTypes": {
										"phone": true,
										"tablet": true,
										"desktop": true
									},
									"semanticObject": "SAPTODAY"
								}
							}
						}
					},
					"_version": "1.13.0",
					"sap.integration": {
						"navMode": "explace",
						"urlTemplateId": "urltemplate.url",
						"urlTemplateParams": {
							"url": "http://sap.com",
							"query": {},
							"enableSapParams": true
						}
					}
				}
			},
			"_version": "3.0",
			"identification": {
				"id": "bfd87714-a18b-4e4c-a99d-b27f224083ce",
				"title": "{{cdm|identification|title}}",
				"entityType": "businessapp",
				"description": "{{cdm|identification|description}}"
			}
		}
	}
]