[
	{
		"metadata": {
			"updatedOn": 1629705951000,
			"updatedBy": "XXXX",
			"createdBy": "XXXX",
			"createdOn": 1628373024000,
			"context": {
				"id": "SUB_ACCOUNT",
				"contextType": "sub_account",
				"tenantId": "XXXX",
				"identityZoneId": "XXXX",
				"instanceId": "XXXX"
			}
		},
		"cdm": {
			"texts": {
				"cdm|identification|title": {
					"type": "XTIT",
					"value": {
						"": "My Project Administration",
						"en": ""
					}
				},
				"cdm|identification|description": {
					"type": "XTIT",
					"value": {
						"": "My Project Administration",
						"en": ""
					}
				}
			},
			"payload": {
				"tiles": []
			},
			"_version": "3.0",
			"relations": {
				"viz": [
					{
						"label": "ref",
						"target": {
							"id": "60f138a4-1df7-43cd-bfd9-63155237425c",
							"context": {
								"id": "SUB_ACCOUNT",
								"type": "SUB_ACCOUNT"
							},
							"entityType": "businessapp",
							"properties": {
								"vizId": "Default-VizId"
							}
						}
					},
					{
						"label": "ref",
						"target": {
							"id": "87013c98-3fb6-4ae9-9ba2-3fdd1c754cba",
							"context": {
								"id": "SUB_ACCOUNT",
								"type": "SUB_ACCOUNT"
							},
							"entityType": "businessapp",
							"properties": {
								"vizId": "Default-VizId"
							}
						}
					}
				]
			},
			"identification": {
				"id": "d6a26f90-71b1-4b78-913c-01bac754872f",
				"title": "{{cdm|identification|title}}",
				"entityType": "group",
				"description": "{{cdm|identification|description}}"
			}
		}
	},
	{
		"metadata": {
			"updatedOn": 1629706165000,
			"updatedBy": "XXXX",
			"createdBy": "XXXX",
			"createdOn": 1628373024000,
			"context": {
				"id": "SUB_ACCOUNT",
				"contextType": "sub_account",
				"tenantId": "XXXX",
				"identityZoneId": "XXXX",
				"instanceId": "XXXX"
			}
		},
		"cdm": {
			"texts": {
				"cdm|identification|title": {
					"type": "XTIT",
					"value": {
						"": "My Project Management Overview",
						"en": ""
					}
				},
				"cdm|identification|description": {
					"type": "XTIT",
					"value": {
						"": "My Project Management Overview",
						"en": ""
					}
				}
			},
			"payload": {
				"tiles": []
			},
			"_version": "3.0",
			"relations": {
				"viz": [
					{
						"label": "ref",
						"target": {
							"id": "1684d0d3-07b2-46fe-aacf-09e991349e76",
							"context": {
								"id": "SUB_ACCOUNT",
								"type": "SUB_ACCOUNT"
							},
							"entityType": "businessapp",
							"properties": {
								"vizId": "Default-VizId"
							}
						}
					},
					{
						"label": "ref",
						"target": {
							"id": "9a854929-146c-45bf-951e-c0bbfac6a18a",
							"context": {
								"id": "SUB_ACCOUNT",
								"type": "SUB_ACCOUNT"
							},
							"entityType": "businessapp",
							"properties": {
								"vizId": "Default-VizId"
							}
						}
					},
					{
						"label": "ref",
						"target": {
							"id": "143f3bec-6ef2-4dbd-92e0-66386d346f0b",
							"context": {
								"id": "SUB_ACCOUNT",
								"type": "SUB_ACCOUNT"
							},
							"entityType": "businessapp",
							"properties": {
								"vizId": "Default-VizId"
							}
						}
					},
					{
						"label": "ref",
						"target": {
							"id": "8a81f5ef-7e09-428d-b0ac-b5ea7418c81f",
							"context": {
								"id": "SUB_ACCOUNT",
								"type": "SUB_ACCOUNT"
							},
							"entityType": "businessapp",
							"properties": {
								"vizId": "Default-VizId"
							}
						}
					}
				]
			},
			"identification": {
				"id": "2431cd7d-7b58-4fd7-ad4d-ef8b1e81b252",
				"title": "{{cdm|identification|title}}",
				"entityType": "group",
				"description": "{{cdm|identification|description}}"
			}
		}
	},
	{
		"metadata": {
			"updatedOn": 1629706332000,
			"updatedBy": "XXXX",
			"createdBy": "XXXX",
			"createdOn": 1628595436000,
			"context": {
				"id": "SUB_ACCOUNT",
				"contextType": "sub_account",
				"tenantId": "XXXX",
				"identityZoneId": "XXXX",
				"instanceId": "XXXX"
			}
		},
		"cdm": {
			"texts": {
				"cdm|identification|title": {
					"type": "XTIT",
					"value": {
						"": "Native",
						"en": ""
					}
				},
				"cdm|identification|description": {
					"type": "XTIT",
					"value": {
						"": "SAP Mobile Start Native Apps",
						"en": ""
					}
				}
			},
			"payload": {
				"tiles": []
			},
			"_version": "3.0",
			"relations": {
				"viz": [
					{
						"label": "ref",
						"target": {
							"id": "c4c24f37-15de-41e7-83c9-7709019aac04",
							"context": {
								"id": "SUB_ACCOUNT",
								"type": "SUB_ACCOUNT"
							},
							"entityType": "businessapp",
							"properties": {
								"vizId": "Default-VizId"
							}
						}
					},
					{
						"label": "ref",
						"target": {
							"id": "a72a1a25-b29d-4539-9ad0-017ac5bb0a94",
							"context": {
								"id": "SUB_ACCOUNT",
								"type": "SUB_ACCOUNT"
							},
							"entityType": "businessapp",
							"properties": {
								"vizId": "Default-VizId"
							}
						}
					},
					{
						"label": "ref",
						"target": {
							"id": "1413b162-d70c-4fb2-8fe0-5eb5c6bc9b10",
							"context": {
								"id": "SUB_ACCOUNT",
								"type": "SUB_ACCOUNT"
							},
							"entityType": "businessapp",
							"properties": {
								"vizId": "Default-VizId"
							}
						}
					},
					{
						"label": "ref",
						"target": {
							"id": "928068e9-64be-4f75-b7fd-10d67277dd83",
							"context": {
								"id": "SUB_ACCOUNT",
								"type": "SUB_ACCOUNT"
							},
							"entityType": "businessapp",
							"properties": {
								"vizId": "Default-VizId"
							}
						}
					},
					{
						"label": "ref",
						"target": {
							"id": "ce0a4546-87ae-476e-a527-beced8639f36",
							"context": {
								"id": "SUB_ACCOUNT",
								"type": "SUB_ACCOUNT"
							},
							"entityType": "businessapp",
							"properties": {
								"vizId": "Default-VizId"
							}
						}
					},
					{
						"label": "ref",
						"target": {
							"id": "45e8b5c2-b537-4157-9f04-b280fe6400d7",
							"context": {
								"id": "SUB_ACCOUNT",
								"type": "SUB_ACCOUNT"
							},
							"entityType": "businessapp",
							"properties": {
								"vizId": "Default-VizId"
							}
						}
					},
					{
						"label": "ref",
						"target": {
							"id": "3d88d120-2910-4924-9f22-99de8fd0d373",
							"context": {
								"id": "SUB_ACCOUNT",
								"type": "SUB_ACCOUNT"
							},
							"entityType": "businessapp",
							"properties": {
								"vizId": "Default-VizId"
							}
						}
					}
				]
			},
			"identification": {
				"id": "dffd1857-4a1b-484a-b932-f49e01ccf71b",
				"title": "{{cdm|identification|title}}",
				"entityType": "group",
				"description": "{{cdm|identification|description}}"
			}
		}
	}
]