[
	{
		"metadata": {
			"updatedOn": 1629793428000,
			"updatedBy": "XXXX",
			"createdBy": "XXXX",
			"createdOn": 1629793428000,
			"context": {
				"id": "SUB_ACCOUNT",
				"contextType": "sub_account",
				"tenantId": "XXXX",
				"identityZoneId": "XXXX",
				"instanceId": "XXXX"
			}
		},
		"cdm": {
			"texts": {
				"cdm|identification|title": {
					"type": "XTIT",
					"value": {
						"": "Stock - Multiple Materials",
						"en": ""
					}
				},
				"cdm|identification|description": {
					"type": "XTIT",
					"value": {
						"": "Stock - Multiple Materials",
						"en": ""
					}
				},
				"cdm|payload|visualizations|Default-VizId|vizConfig|sap.app|info": {
					"type": "XTIT",
					"value": {
						"": "Inventory Management",
						"en": ""
					}
				},
				"cdm|payload|visualizations|Default-VizId|vizConfig|sap.app|subTitle": {
					"type": "XTIT",
					"value": {
						"": "Get overview of your material stocks",
						"en": ""
					}
				}
			},
			"payload": {
				"defaultViz": "Default-VizId",
				"visualizations": {
					"Default-VizId": {
						"vizType": "sap.ushell.StaticAppLauncher",
						"vizConfig": {
							"sap.ui": {
								"icons": {
									"icon": ""
								}
							},
							"sap.app": {
								"info": "{{cdm|payload|visualizations|Default-VizId|vizConfig|sap.app|info}}",
								"subTitle": "{{cdm|payload|visualizations|Default-VizId|vizConfig|sap.app|subTitle}}"
							},
							"sap.flp": {
								"target": {
									"type": "IBN",
									"inboundId": "__GenericDefaultSemantic-__GenericDefaultAction",
									"parameters": {}
								}
							}
						}
					}
				},
				"targetAppConfig": {
					"sap.app": {
						"tags": {
							"keywords": []
						},
						"destination": "ppmgfour",
						"crossNavigation": {
							"inbounds": {
								"__GenericDefaultSemantic-__GenericDefaultAction": {
									"action": "displayStockMultipleMaterials",
									"signature": {
										"parameters": {},
										"additionalParameters": "allowed"
									},
									"deviceTypes": {
										"phone": true,
										"tablet": true,
										"desktop": true
									},
									"semanticObject": "Material"
								}
							}
						}
					},
					"_version": "1.13.0",
					"sap.integration": {
						"navMode": "inplace",
						"urlTemplateId": "urltemplate.fiori",
						"urlTemplateParams": {
							"appId": "ui.s2p.mm.stock.multiplematerials"
						}
					}
				}
			},
			"_version": "3.0",
			"identification": {
				"id": "9a22977b-3cd6-47f2-aee4-1aa84a9b73d6",
				"title": "{{cdm|identification|title}}",
				"entityType": "businessapp",
				"description": "{{cdm|identification|description}}"
			}
		}
	},
	{
		"metadata": {
			"updatedOn": 1629793687000,
			"updatedBy": "XXXX",
			"createdBy": "XXXX",
			"createdOn": 1629793687000,
			"context": {
				"id": "SUB_ACCOUNT",
				"contextType": "sub_account",
				"tenantId": "XXXX",
				"identityZoneId": "XXXX",
				"instanceId": "XXXX"
			}
		},
		"cdm": {
			"texts": {
				"cdm|identification|title": {
					"type": "XTIT",
					"value": {
						"": "Material Documents Overview",
						"en": ""
					}
				},
				"cdm|identification|description": {
					"type": "XTIT",
					"value": {
						"": "PROD.F1077",
						"en": ""
					}
				},
				"cdm|payload|visualizations|Default-VizId|vizConfig|sap.app|info": {
					"type": "XTIT",
					"value": {
						"": "Warehouse Management",
						"en": ""
					}
				},
				"cdm|payload|visualizations|Default-VizId|vizConfig|sap.app|subTitle": {
					"type": "XTIT",
					"value": {
						"": "Display a list of material document items",
						"en": ""
					}
				}
			},
			"payload": {
				"defaultViz": "Default-VizId",
				"visualizations": {
					"Default-VizId": {
						"vizType": "sap.ushell.StaticAppLauncher",
						"vizConfig": {
							"sap.ui": {
								"icons": {
									"icon": ""
								}
							},
							"sap.app": {
								"info": "{{cdm|payload|visualizations|Default-VizId|vizConfig|sap.app|info}}",
								"subTitle": "{{cdm|payload|visualizations|Default-VizId|vizConfig|sap.app|subTitle}}"
							},
							"sap.flp": {
								"target": {
									"type": "IBN",
									"inboundId": "__GenericDefaultSemantic-__GenericDefaultAction",
									"parameters": {}
								}
							}
						}
					}
				},
				"targetAppConfig": {
					"sap.app": {
						"tags": {
							"keywords": []
						},
						"destination": "ppmgfour",
						"crossNavigation": {
							"inbounds": {
								"__GenericDefaultSemantic-__GenericDefaultAction": {
									"action": "displayList",
									"signature": {
										"parameters": {},
										"additionalParameters": "allowed"
									},
									"deviceTypes": {
										"phone": true,
										"tablet": true,
										"desktop": true
									},
									"semanticObject": "MaterialMovement"
								}
							}
						}
					},
					"_version": "1.13.0",
					"sap.integration": {
						"navMode": "inplace",
						"urlTemplateId": "urltemplate.fiori",
						"urlTemplateParams": {
							"appId": "ui.s2p.mm.document.overview"
						}
					}
				}
			},
			"_version": "3.0",
			"identification": {
				"id": "ba4b4323-26ad-41f8-baad-b0cef66aadd8",
				"title": "{{cdm|identification|title}}",
				"entityType": "businessapp",
				"description": "{{cdm|identification|description}}"
			}
		}
	},
	{
		"metadata": {
			"updatedOn": 1629793818000,
			"updatedBy": "XXXX",
			"createdBy": "XXXX",
			"createdOn": 1629793818000,
			"context": {
				"id": "SUB_ACCOUNT",
				"contextType": "sub_account",
				"tenantId": "XXXX",
				"identityZoneId": "XXXX",
				"instanceId": "XXXX"
			}
		},
		"cdm": {
			"texts": {
				"cdm|identification|title": {
					"type": "XTIT",
					"value": {
						"": "Physical Inventory Document Overview",
						"en": ""
					}
				},
				"cdm|identification|description": {
					"type": "XTIT",
					"value": {
						"": "PROD.F0379A",
						"en": ""
					}
				},
				"cdm|payload|visualizations|Default-VizId|vizConfig|sap.app|info": {
					"type": "XTIT",
					"value": {
						"": "Inventory Management",
						"en": ""
					}
				},
				"cdm|payload|visualizations|Default-VizId|vizConfig|sap.app|subTitle": {
					"type": "XTIT",
					"value": {
						"": "Displays all created physical inventory documents",
						"en": ""
					}
				}
			},
			"payload": {
				"defaultViz": "Default-VizId",
				"visualizations": {
					"Default-VizId": {
						"vizType": "sap.ushell.StaticAppLauncher",
						"vizConfig": {
							"sap.ui": {
								"icons": {
									"icon": ""
								}
							},
							"sap.app": {
								"info": "{{cdm|payload|visualizations|Default-VizId|vizConfig|sap.app|info}}",
								"subTitle": "{{cdm|payload|visualizations|Default-VizId|vizConfig|sap.app|subTitle}}"
							},
							"sap.flp": {
								"target": {
									"type": "IBN",
									"inboundId": "__GenericDefaultSemantic-__GenericDefaultAction",
									"parameters": {}
								}
							}
						}
					}
				},
				"targetAppConfig": {
					"sap.app": {
						"tags": {
							"keywords": []
						},
						"destination": "ppmgfour",
						"crossNavigation": {
							"inbounds": {
								"__GenericDefaultSemantic-__GenericDefaultAction": {
									"action": "displayList",
									"signature": {
										"parameters": {},
										"additionalParameters": "allowed"
									},
									"deviceTypes": {
										"phone": true,
										"tablet": true,
										"desktop": true
									},
									"semanticObject": "PhysicalInventoryDocument"
								}
							}
						}
					},
					"_version": "1.13.0",
					"sap.integration": {
						"navMode": "inplace",
						"urlTemplateId": "urltemplate.fiori",
						"urlTemplateParams": {
							"appId": "ui.s2p.mm.im.objectpage.pidoc"
						}
					}
				}
			},
			"_version": "3.0",
			"identification": {
				"id": "4ca8e4aa-9dcc-4813-8c63-f7221bd36d6a",
				"title": "{{cdm|identification|title}}",
				"entityType": "businessapp",
				"description": "{{cdm|identification|description}}"
			}
		}
	},
	{
		"metadata": {
			"updatedOn": 1628595436000,
			"updatedBy": "XXXX",
			"createdBy": "XXXX",
			"createdOn": 1628595436000,
			"context": {
				"id": "SUB_ACCOUNT",
				"contextType": "sub_account",
				"tenantId": "XXXX",
				"identityZoneId": "XXXX",
				"instanceId": "XXXX"
			}
		},
		"cdm": {
			"texts": {
				"cdm|identification|title": {
					"type": "XTIT",
					"value": {
						"": "SAP Analytical Cloud",
						"en": ""
					}
				},
				"cdm|identification|description": {
					"type": "XTIT",
					"value": {
						"": "Native App",
						"en": ""
					}
				},
				"cdm|payload|visualizations|Default-VizId|vizConfig|sap.app|info": {
					"type": "XTIT",
					"value": {
						"": "",
						"en": ""
					}
				},
				"cdm|payload|visualizations|Default-VizId|vizConfig|sap.app|subTitle": {
					"type": "XTIT",
					"value": {
						"": "Analytics",
						"en": ""
					}
				}
			},
			"payload": {
				"defaultViz": "Default-VizId",
				"visualizations": {
					"Default-VizId": {
						"vizType": "sap.ushell.StaticAppLauncher",
						"vizConfig": {
							"sap.ui": {
								"icons": {
									"icon": "https://is3-ssl.mzstatic.com/image/thumb/Purple125/v4/86/e9/d6/86e9d6af-bf65-943e-3d5f-8f062d9283d8/AppIcon-1x_U007emarketing-0-7-0-85-220.png/460x0w.png"
								}
							},
							"sap.app": {
								"info": "{{cdm|payload|visualizations|Default-VizId|vizConfig|sap.app|info}}",
								"subTitle": "{{cdm|payload|visualizations|Default-VizId|vizConfig|sap.app|subTitle}}"
							},
							"sap.flp": {
								"target": {
									"type": "IBN",
									"inboundId": "__GenericDefaultSemantic-__GenericDefaultAction",
									"parameters": {}
								}
							}
						}
					}
				},
				"targetAppConfig": {
					"sap.app": {
						"tags": {
							"keywords": []
						},
						"crossNavigation": {
							"inbounds": {
								"__GenericDefaultSemantic-__GenericDefaultAction": {
									"action": "cloud",
									"signature": {
										"parameters": {},
										"additionalParameters": "allowed"
									},
									"deviceTypes": {
										"phone": true,
										"tablet": true,
										"desktop": true
									},
									"semanticObject": "analytics"
								}
							}
						}
					},
					"_version": "1.13.0",
					"sap.integration": {
						"navMode": "inplace",
						"urlTemplateId": "urltemplate.nativeIOS",
						"urlTemplateParams": {
							"startUrl": "sap-analytics-cloud://",
							"installUrl": "https://apps.apple.com/us/app/sap-analytics-cloud/id981727250"
						}
					}
				}
			},
			"_version": "3.0",
			"identification": {
				"id": "ce0a4546-87ae-476e-a527-beced8639f36",
				"title": "{{cdm|identification|title}}",
				"entityType": "businessapp",
				"description": "{{cdm|identification|description}}"
			}
		}
	},
	{
		"metadata": {
			"updatedOn": 1628850739000,
			"updatedBy": "XXXX",
			"createdBy": "XXXX",
			"createdOn": 1628843745000,
			"context": {
				"id": "SUB_ACCOUNT",
				"contextType": "sub_account",
				"tenantId": "XXXX",
				"identityZoneId": "XXXX",
				"instanceId": "XXXX"
			}
		},
		"cdm": {
			"texts": {
				"cdm|identification|title": {
					"type": "XTIT",
					"value": {
						"": "Learning by SuccessFactors",
						"en": ""
					}
				},
				"cdm|identification|description": {
					"type": "XTIT",
					"value": {
						"": "Learning by SuccessFactors",
						"en": ""
					}
				},
				"cdm|payload|visualizations|Default-VizId|vizConfig|sap.app|info": {
					"type": "XTIT",
					"value": {
						"": "",
						"en": ""
					}
				},
				"cdm|payload|visualizations|Default-VizId|vizConfig|sap.app|subTitle": {
					"type": "XTIT",
					"value": {
						"": "",
						"en": ""
					}
				}
			},
			"payload": {
				"defaultViz": "Default-VizId",
				"visualizations": {
					"Default-VizId": {
						"vizType": "sap.ushell.StaticAppLauncher",
						"vizConfig": {
							"sap.ui": {
								"icons": {
									"icon": "https://is1-ssl.mzstatic.com/image/thumb/Purple125/v4/43/ad/62/43ad623e-5c4d-0ce4-68e6-f1da173ef0e0/AppIconValidatedPreview-1x_U007emarketing-0-6-0-85-220.png/146x0w.png"
								}
							},
							"sap.app": {
								"info": "{{cdm|payload|visualizations|Default-VizId|vizConfig|sap.app|info}}",
								"subTitle": "{{cdm|payload|visualizations|Default-VizId|vizConfig|sap.app|subTitle}}"
							},
							"sap.flp": {
								"target": {
									"type": "IBN",
									"inboundId": "__GenericDefaultSemantic-__GenericDefaultAction",
									"parameters": {
										"mobilestart.startUrl": {
											"value": {
												"value": "bizx://?urlType=deeplink&deeplinkType=learning",
												"format": "plain"
											}
										},
										"mobilestart.installUrl": {
											"value": {
												"value": "https://apps.apple.com/us/app/learning-by-successfactors/id1030964007",
												"format": "plain"
											}
										}
									}
								}
							}
						}
					}
				},
				"targetAppConfig": {
					"sap.app": {
						"tags": {
							"keywords": []
						},
						"crossNavigation": {
							"inbounds": {
								"__GenericDefaultSemantic-__GenericDefaultAction": {
									"action": "start",
									"signature": {
										"parameters": {},
										"additionalParameters": "allowed"
									},
									"deviceTypes": {
										"phone": true,
										"tablet": true,
										"desktop": true
									},
									"semanticObject": "successfactorslearning"
								}
							}
						}
					},
					"_version": "1.13.0",
					"sap.integration": {
						"navMode": "inplace",
						"urlTemplateId": "urltemplate.nativeIOS",
						"urlTemplateParams": {
							"startUrl": "bizx://?urlType=deeplink&deeplinkType=learning",
							"installUrl": "https://apps.apple.com/us/app/learning-by-successfactors/id1030964007"
						}
					}
				}
			},
			"_version": "3.0",
			"identification": {
				"id": "3d88d120-2910-4924-9f22-99de8fd0d373",
				"title": "{{cdm|identification|title}}",
				"entityType": "businessapp",
				"description": "{{cdm|identification|description}}"
			}
		}
	},
	{
		"metadata": {
			"updatedOn": 1611151305000,
			"updatedBy": "XXXX",
			"createdBy": "XXXX",
			"createdOn": 1611151305000,
			"context": {
				"id": "SUB_ACCOUNT",
				"contextType": "sub_account",
				"tenantId": "XXXX",
				"identityZoneId": "XXXX",
				"instanceId": "XXXX"
			}
		},
		"cdm": {
			"texts": {
				"cdm|identification|title": {
					"type": "XTIT",
					"value": {
						"": "SuccessFactors - Org Chart",
						"en": ""
					}
				},
				"cdm|identification|description": {
					"type": "XTIT",
					"value": {
						"": "PROD.ios.SuccessFactors - Org Chart",
						"en": ""
					}
				},
				"cdm|payload|visualizations|Default-VizId|vizConfig|sap.app|info": {
					"type": "XTIT",
					"value": {
						"": "",
						"en": ""
					}
				},
				"cdm|payload|visualizations|Default-VizId|vizConfig|sap.app|subTitle": {
					"type": "XTIT",
					"value": {
						"": "",
						"en": ""
					}
				}
			},
			"payload": {
				"defaultViz": "Default-VizId",
				"visualizations": {
					"Default-VizId": {
						"vizType": "sap.ushell.StaticAppLauncher",
						"vizConfig": {
							"sap.ui": {
								"icons": {
									"icon": ""
								}
							},
							"sap.app": {
								"info": "{{cdm|payload|visualizations|Default-VizId|vizConfig|sap.app|info}}",
								"subTitle": "{{cdm|payload|visualizations|Default-VizId|vizConfig|sap.app|subTitle}}"
							},
							"sap.flp": {
								"target": {
									"type": "IBN",
									"inboundId": "__GenericDefaultSemantic-__GenericDefaultAction",
									"parameters": {
										"mobilestart.startUrl ": {
											"value": {
												"value": "bizx://?urlType=deeplink&deeplinkType=orgChart",
												"format": "plain"
											}
										},
										"mobilestart.installUrl": {
											"value": {
												"value": "https://apps.apple.com/de/app/successfactors/id426562526",
												"format": "plain"
											}
										}
									}
								}
							}
						}
					}
				},
				"targetAppConfig": {
					"sap.app": {
						"tags": {
							"keywords": []
						},
						"crossNavigation": {
							"inbounds": {
								"__GenericDefaultSemantic-__GenericDefaultAction": {
									"action": "start",
									"signature": {
										"parameters": {},
										"additionalParameters": "allowed"
									},
									"deviceTypes": {
										"phone": true,
										"tablet": true,
										"desktop": false
									},
									"semanticObject": "successfactorsorgchart"
								}
							}
						}
					},
					"_version": "1.13.0",
					"sap.integration": {
						"navMode": "inplace",
						"urlTemplateId": "urltemplate.url",
						"urlTemplateParams": {
							"url": "http://sap.com",
							"query": {},
							"enableSapParams": true
						}
					}
				}
			},
			"_version": "3.0",
			"identification": {
				"id": "45e8b5c2-b537-4157-9f04-b280fe6400d7",
				"title": "{{cdm|identification|title}}",
				"entityType": "businessapp",
				"description": "{{cdm|identification|description}}"
			}
		}
	},
	{
		"metadata": {
			"updatedOn": 1629792016000,
			"updatedBy": "XXXX",
			"createdBy": "XXXX",
			"createdOn": 1628373024000,
			"context": {
				"id": "SUB_ACCOUNT",
				"contextType": "sub_account",
				"tenantId": "XXXX",
				"identityZoneId": "XXXX",
				"instanceId": "XXXX"
			}
		},
		"cdm": {
			"texts": {
				"cdm|identification|title": {
					"type": "XTIT",
					"value": {
						"": "Stock – Single materials",
						"en": ""
					}
				},
				"cdm|identification|description": {
					"type": "XTIT",
					"value": {
						"": "PROD.F1076",
						"en": ""
					}
				},
				"cdm|payload|visualizations|Default-VizId|vizConfig|sap.app|info": {
					"type": "XTIT",
					"value": {
						"": "Inventory Management",
						"en": ""
					}
				},
				"cdm|payload|visualizations|Default-VizId|vizConfig|sap.app|subTitle": {
					"type": "XTIT",
					"value": {
						"": "Get overview of your material stocks",
						"en": ""
					}
				}
			},
			"payload": {
				"defaultViz": "Default-VizId",
				"visualizations": {
					"Default-VizId": {
						"vizType": "sap.ushell.StaticAppLauncher",
						"vizConfig": {
							"sap.ui": {
								"icons": {
									"icon": ""
								}
							},
							"sap.app": {
								"info": "{{cdm|payload|visualizations|Default-VizId|vizConfig|sap.app|info}}",
								"subTitle": "{{cdm|payload|visualizations|Default-VizId|vizConfig|sap.app|subTitle}}"
							},
							"sap.flp": {
								"target": {
									"type": "IBN",
									"inboundId": "__GenericDefaultSemantic-__GenericDefaultAction",
									"parameters": {}
								}
							}
						}
					}
				},
				"targetAppConfig": {
					"sap.app": {
						"tags": {
							"keywords": []
						},
						"destination": "ppmgfour",
						"crossNavigation": {
							"inbounds": {
								"__GenericDefaultSemantic-__GenericDefaultAction": {
									"action": "displayStockOverview",
									"signature": {
										"parameters": {
											"sap-ach": {
												"renameTo": "",
												"required": false,
												"defaultValue": {
													"value": "MM-FIO-IM-SGM",
													"format": "plain"
												}
											},
											"sap-fiori-id": {
												"renameTo": "",
												"required": false,
												"defaultValue": {
													"value": "F1076",
													"format": "plain"
												}
											}
										},
										"additionalParameters": "allowed"
									},
									"deviceTypes": {
										"phone": true,
										"tablet": true,
										"desktop": true
									},
									"semanticObject": "Material"
								}
							}
						}
					},
					"_version": "1.13.0",
					"sap.integration": {
						"navMode": "inplace",
						"urlTemplateId": "urltemplate.fiori",
						"urlTemplateParams": {
							"appId": "ui.s2p.mm.stock.overview"
						}
					}
				}
			},
			"_version": "3.0",
			"identification": {
				"id": "7a436c28-40cf-4a35-9cce-40d727e3b118",
				"title": "{{cdm|identification|title}}",
				"entityType": "businessapp",
				"description": "{{cdm|identification|description}}"
			}
		}
	},
	{
		"metadata": {
			"updatedOn": 1628595436000,
			"updatedBy": "XXXX",
			"createdBy": "XXXX",
			"createdOn": 1628595436000,
			"context": {
				"id": "SUB_ACCOUNT",
				"contextType": "sub_account",
				"tenantId": "XXXX",
				"identityZoneId": "XXXX",
				"instanceId": "XXXX"
			}
		},
		"cdm": {
			"texts": {
				"cdm|identification|title": {
					"type": "XTIT",
					"value": {
						"": "SuccessFactors ",
						"en": ""
					}
				},
				"cdm|identification|description": {
					"type": "XTIT",
					"value": {
						"": "DEMO - SAPIT",
						"en": ""
					}
				},
				"cdm|payload|visualizations|Default-VizId|vizConfig|sap.app|info": {
					"type": "XTIT",
					"value": {
						"": "SuccessFactors",
						"en": ""
					}
				},
				"cdm|payload|visualizations|Default-VizId|vizConfig|sap.app|subTitle": {
					"type": "XTIT",
					"value": {
						"": "Learning",
						"en": ""
					}
				}
			},
			"payload": {
				"defaultViz": "Default-VizId",
				"visualizations": {
					"Default-VizId": {
						"vizType": "sap.ushell.StaticAppLauncher",
						"vizConfig": {
							"sap.ui": {
								"icons": {
									"icon": "https://is4-ssl.mzstatic.com/image/thumb/Purple125/v4/84/79/72/847972bb-aa3f-c190-36bb-4a37f9c50449/AppIcon-1x_U007emarketing-0-6-0-85-220.png/230x0w.png"
								}
							},
							"sap.app": {
								"info": "{{cdm|payload|visualizations|Default-VizId|vizConfig|sap.app|info}}",
								"subTitle": "{{cdm|payload|visualizations|Default-VizId|vizConfig|sap.app|subTitle}}"
							},
							"sap.flp": {
								"target": {
									"type": "IBN",
									"inboundId": "__GenericDefaultSemantic-__GenericDefaultAction",
									"parameters": {
										"mobilestart.startUrl": {
											"value": {
												"value": "bizx://?urlType=deeplink&deeplinkType=profile",
												"format": "plain"
											}
										},
										"mobilestart.localIcon": {
											"value": {
												"value": "successFactors",
												"format": "plain"
											}
										},
										"mobilestart.installUrl ": {
											"value": {
												"value": "https://apps.apple.com/de/app/successfactors/id426562526",
												"format": "plain"
											}
										}
									}
								}
							}
						}
					}
				},
				"targetAppConfig": {
					"sap.app": {
						"tags": {
							"keywords": []
						},
						"crossNavigation": {
							"inbounds": {
								"__GenericDefaultSemantic-__GenericDefaultAction": {
									"action": "start",
									"signature": {
										"parameters": {},
										"additionalParameters": "allowed"
									},
									"deviceTypes": {
										"phone": true,
										"tablet": true,
										"desktop": true
									},
									"semanticObject": "successfactors"
								}
							}
						}
					},
					"_version": "1.13.0",
					"sap.integration": {
						"navMode": "inplace",
						"urlTemplateId": "urltemplate.nativeIOS",
						"urlTemplateParams": {
							"startUrl": "bizx://?urlType=deeplink&deeplinkType=profile",
							"installUrl": "https://apps.apple.com/de/app/successfactors/id426562526"
						}
					}
				}
			},
			"_version": "3.0",
			"identification": {
				"id": "a72a1a25-b29d-4539-9ad0-017ac5bb0a94",
				"title": "{{cdm|identification|title}}",
				"entityType": "businessapp",
				"description": "{{cdm|identification|description}}"
			}
		}
	},
	{
		"metadata": {
			"updatedOn": 1628595436000,
			"updatedBy": "XXXX",
			"createdBy": "XXXX",
			"createdOn": 1628595436000,
			"context": {
				"id": "SUB_ACCOUNT",
				"contextType": "sub_account",
				"tenantId": "XXXX",
				"identityZoneId": "XXXX",
				"instanceId": "XXXX"
			}
		},
		"cdm": {
			"texts": {
				"cdm|identification|title": {
					"type": "XTIT",
					"value": {
						"": "SAP Concur",
						"en": ""
					}
				},
				"cdm|identification|description": {
					"type": "XTIT",
					"value": {
						"": "Native App",
						"en": ""
					}
				},
				"cdm|payload|visualizations|Default-VizId|vizConfig|sap.app|info": {
					"type": "XTIT",
					"value": {
						"": "SAP Concur",
						"en": ""
					}
				},
				"cdm|payload|visualizations|Default-VizId|vizConfig|sap.app|subTitle": {
					"type": "XTIT",
					"value": {
						"": "Travel & Expenses",
						"en": ""
					}
				}
			},
			"payload": {
				"defaultViz": "Default-VizId",
				"visualizations": {
					"Default-VizId": {
						"vizType": "sap.ushell.StaticAppLauncher",
						"vizConfig": {
							"sap.ui": {
								"icons": {
									"icon": "https://is2-ssl.mzstatic.com/image/thumb/Purple115/v4/86/4a/4b/864a4b95-4978-5f7c-300a-4f597336ec0c/AppIcon-1x_U007emarketing-0-7-0-85-220.png/230x0w.png"
								}
							},
							"sap.app": {
								"info": "{{cdm|payload|visualizations|Default-VizId|vizConfig|sap.app|info}}",
								"subTitle": "{{cdm|payload|visualizations|Default-VizId|vizConfig|sap.app|subTitle}}"
							},
							"sap.flp": {
								"target": {
									"type": "IBN",
									"inboundId": "__GenericDefaultSemantic-__GenericDefaultAction",
									"parameters": {
										"mobilestart.startUrl": {
											"value": {
												"value": "concurmobile://",
												"format": "plain"
											}
										},
										"mobilestart.localIcon": {
											"value": {
												"value": "concur",
												"format": "plain"
											}
										},
										"mobilestart.installUrl": {
											"value": {
												"value": "https://apps.apple.com/de/app/sap-concur/id335023774",
												"format": "plain"
											}
										}
									}
								}
							}
						}
					}
				},
				"targetAppConfig": {
					"sap.app": {
						"tags": {
							"keywords": []
						},
						"crossNavigation": {
							"inbounds": {
								"__GenericDefaultSemantic-__GenericDefaultAction": {
									"action": "start",
									"signature": {
										"parameters": {},
										"additionalParameters": "allowed"
									},
									"deviceTypes": {
										"phone": true,
										"tablet": true,
										"desktop": false
									},
									"semanticObject": "sapconcur"
								}
							}
						}
					},
					"_version": "1.13.0",
					"sap.integration": {
						"navMode": "explace",
						"urlTemplateId": "urltemplate.nativeIOS",
						"urlTemplateParams": {
							"startUrl": "concurmobile://",
							"installUrl": "https://apps.apple.com/de/app/sap-concur/id335023774"
						}
					}
				}
			},
			"_version": "3.0",
			"identification": {
				"id": "c4c24f37-15de-41e7-83c9-7709019aac04",
				"title": "{{cdm|identification|title}}",
				"entityType": "businessapp",
				"description": "{{cdm|identification|description}}"
			}
		}
	},
	{
		"metadata": {
			"updatedOn": 1629791651000,
			"updatedBy": "XXXX",
			"createdBy": "XXXX",
			"createdOn": 1628373024000,
			"context": {
				"id": "SUB_ACCOUNT",
				"contextType": "sub_account",
				"tenantId": "XXXX",
				"identityZoneId": "XXXX",
				"instanceId": "XXXX"
			}
		},
		"cdm": {
			"texts": {
				"cdm|identification|title": {
					"type": "XTIT",
					"value": {
						"": "Post Goods Receipt for Production Order",
						"en": ""
					}
				},
				"cdm|identification|description": {
					"type": "XTIT",
					"value": {
						"": "PROD.F3110",
						"en": ""
					}
				},
				"cdm|payload|visualizations|Default-VizId|vizConfig|sap.app|info": {
					"type": "XTIT",
					"value": {
						"": "Warehouse Management",
						"en": ""
					}
				},
				"cdm|payload|visualizations|Default-VizId|vizConfig|sap.app|subTitle": {
					"type": "XTIT",
					"value": {
						"": "Manage outbound goods movement",
						"en": ""
					}
				}
			},
			"payload": {
				"defaultViz": "Default-VizId",
				"visualizations": {
					"Default-VizId": {
						"vizType": "sap.ushell.StaticAppLauncher",
						"vizConfig": {
							"sap.ui": {
								"icons": {
									"icon": "sap-icon://receipt"
								}
							},
							"sap.app": {
								"info": "{{cdm|payload|visualizations|Default-VizId|vizConfig|sap.app|info}}",
								"subTitle": "{{cdm|payload|visualizations|Default-VizId|vizConfig|sap.app|subTitle}}"
							},
							"sap.flp": {
								"target": {
									"type": "IBN",
									"inboundId": "__GenericDefaultSemantic-__GenericDefaultAction",
									"parameters": {}
								}
							}
						}
					}
				},
				"targetAppConfig": {
					"sap.app": {
						"tags": {
							"keywords": []
						},
						"destination": "ppmgfour",
						"crossNavigation": {
							"inbounds": {
								"__GenericDefaultSemantic-__GenericDefaultAction": {
									"action": "createGR",
									"signature": {
										"parameters": {
											"SourceOfGR": {
												"renameTo": "",
												"required": false,
												"defaultValue": {
													"value": "PRODORD",
													"format": "plain"
												}
											},
											"sap-fiori-id": {
												"renameTo": "",
												"required": false,
												"defaultValue": {
													"value": "F3110",
													"format": "plain"
												}
											},
											"sap-fiori-ach": {
												"renameTo": "",
												"required": false,
												"defaultValue": {
													"value": "MM-FIO-IM-SGM",
													"format": "plain"
												}
											}
										},
										"additionalParameters": "allowed"
									},
									"deviceTypes": {
										"phone": true,
										"tablet": true,
										"desktop": true
									},
									"semanticObject": "ProductionOrder"
								}
							}
						}
					},
					"_version": "1.13.0",
					"sap.integration": {
						"navMode": "inplace",
						"urlTemplateId": "urltemplate.fiori",
						"urlTemplateParams": {
							"appId": "s2p.mm.im.goodsreceipt.purchaseorder"
						}
					}
				}
			},
			"_version": "3.0",
			"identification": {
				"id": "b2846e0b-51ef-40dc-9c35-5edc4a201eab",
				"title": "{{cdm|identification|title}}",
				"entityType": "businessapp",
				"description": "{{cdm|identification|description}}"
			}
		}
	},
	{
		"metadata": {
			"updatedOn": 1629793006000,
			"updatedBy": "XXXX",
			"createdBy": "XXXX",
			"createdOn": 1629793006000,
			"context": {
				"id": "SUB_ACCOUNT",
				"contextType": "sub_account",
				"tenantId": "XXXX",
				"identityZoneId": "XXXX",
				"instanceId": "XXXX"
			}
		},
		"cdm": {
			"texts": {
				"cdm|identification|title": {
					"type": "XTIT",
					"value": {
						"": "Post Goods Receipt for Purchasing Document",
						"en": ""
					}
				},
				"cdm|identification|description": {
					"type": "XTIT",
					"value": {
						"": "PROD.F0843",
						"en": ""
					}
				},
				"cdm|payload|visualizations|Default-VizId|vizConfig|sap.app|info": {
					"type": "XTIT",
					"value": {
						"": "Sourcing and Procurement",
						"en": ""
					}
				},
				"cdm|payload|visualizations|Default-VizId|vizConfig|sap.app|subTitle": {
					"type": "XTIT",
					"value": {
						"": "Post receipt of goods with reference to the purchase order",
						"en": ""
					}
				}
			},
			"payload": {
				"defaultViz": "Default-VizId",
				"visualizations": {
					"Default-VizId": {
						"vizType": "sap.ushell.StaticAppLauncher",
						"vizConfig": {
							"sap.ui": {
								"icons": {
									"icon": ""
								}
							},
							"sap.app": {
								"info": "{{cdm|payload|visualizations|Default-VizId|vizConfig|sap.app|info}}",
								"subTitle": "{{cdm|payload|visualizations|Default-VizId|vizConfig|sap.app|subTitle}}"
							},
							"sap.flp": {
								"target": {
									"type": "IBN",
									"inboundId": "__GenericDefaultSemantic-__GenericDefaultAction",
									"parameters": {}
								}
							}
						}
					}
				},
				"targetAppConfig": {
					"sap.app": {
						"tags": {
							"keywords": []
						},
						"destination": "ppmgfour",
						"crossNavigation": {
							"inbounds": {
								"__GenericDefaultSemantic-__GenericDefaultAction": {
									"action": "createGR",
									"signature": {
										"parameters": {
											"sap-tag": {
												"renameTo": "",
												"required": false,
												"defaultValue": {
													"value": "superiorAction",
													"format": "plain"
												}
											},
											"sap-fiori-id": {
												"renameTo": "",
												"required": false,
												"defaultValue": {
													"value": "F0843",
													"format": "plain"
												}
											},
											"sap-fiori-ach": {
												"renameTo": "",
												"required": false,
												"defaultValue": {
													"value": "MM-FIO-IM-SGM",
													"format": "plain"
												}
											}
										},
										"additionalParameters": "allowed"
									},
									"deviceTypes": {
										"phone": true,
										"tablet": true,
										"desktop": true
									},
									"semanticObject": "PurchaseOrder"
								}
							}
						}
					},
					"_version": "1.13.0",
					"sap.integration": {
						"navMode": "inplace",
						"urlTemplateId": "urltemplate.fiori",
						"urlTemplateParams": {
							"appId": "s2p.mm.im.goodsreceipt.purchaseorder"
						}
					}
				}
			},
			"_version": "3.0",
			"identification": {
				"id": "9ceb3c3d-02f7-4ef4-a942-98999a254db0",
				"title": "{{cdm|identification|title}}",
				"entityType": "businessapp",
				"description": "{{cdm|identification|description}}"
			}
		}
	},
	{
		"metadata": {
			"updatedOn": 1629793267000,
			"updatedBy": "XXXX",
			"createdBy": "XXXX",
			"createdOn": 1629793267000,
			"context": {
				"id": "SUB_ACCOUNT",
				"contextType": "sub_account",
				"tenantId": "XXXX",
				"identityZoneId": "XXXX",
				"instanceId": "XXXX"
			}
		},
		"cdm": {
			"texts": {
				"cdm|identification|title": {
					"type": "XTIT",
					"value": {
						"": "Transfer Stock",
						"en": ""
					}
				},
				"cdm|identification|description": {
					"type": "XTIT",
					"value": {
						"": "PROD.F1061",
						"en": ""
					}
				},
				"cdm|payload|visualizations|Default-VizId|vizConfig|sap.app|info": {
					"type": "XTIT",
					"value": {
						"": "Inventory Management",
						"en": ""
					}
				},
				"cdm|payload|visualizations|Default-VizId|vizConfig|sap.app|subTitle": {
					"type": "XTIT",
					"value": {
						"": "Transfer postings from issuing plant receiving plant",
						"en": ""
					}
				}
			},
			"payload": {
				"defaultViz": "Default-VizId",
				"visualizations": {
					"Default-VizId": {
						"vizType": "sap.ushell.StaticAppLauncher",
						"vizConfig": {
							"sap.ui": {
								"icons": {
									"icon": ""
								}
							},
							"sap.app": {
								"info": "{{cdm|payload|visualizations|Default-VizId|vizConfig|sap.app|info}}",
								"subTitle": "{{cdm|payload|visualizations|Default-VizId|vizConfig|sap.app|subTitle}}"
							},
							"sap.flp": {
								"target": {
									"type": "IBN",
									"inboundId": "__GenericDefaultSemantic-__GenericDefaultAction",
									"parameters": {}
								}
							}
						}
					}
				},
				"targetAppConfig": {
					"sap.app": {
						"tags": {
							"keywords": []
						},
						"destination": "ppmgfour",
						"crossNavigation": {
							"inbounds": {
								"__GenericDefaultSemantic-__GenericDefaultAction": {
									"action": "transferStock",
									"signature": {
										"parameters": {
											"Plant": {
												"renameTo": "",
												"required": false,
												"defaultValue": {
													"value": "UserDefault.Plant",
													"format": "plain"
												}
											},
											"sap-ach": {
												"renameTo": "",
												"required": false,
												"defaultValue": {
													"value": "MM-FIO-IM-SGM",
													"format": "plain"
												}
											},
											"sap-fiori-id": {
												"renameTo": "",
												"required": false,
												"defaultValue": {
													"value": "F1061",
													"format": "plain"
												}
											},
											"sap-fiori-ach": {
												"renameTo": "",
												"required": false,
												"defaultValue": {
													"value": "MM-FIO-IM-SGM",
													"format": "plain"
												}
											}
										},
										"additionalParameters": "allowed"
									},
									"deviceTypes": {
										"phone": true,
										"tablet": true,
										"desktop": true
									},
									"semanticObject": "Material"
								}
							}
						}
					},
					"_version": "1.13.0",
					"sap.integration": {
						"navMode": "inplace",
						"urlTemplateId": "urltemplate.fiori",
						"urlTemplateParams": {
							"appId": "ui.s2p.mm.manage.stock"
						}
					}
				}
			},
			"_version": "3.0",
			"identification": {
				"id": "df17ba46-88b9-4b07-ab91-a16a82985f8b",
				"title": "{{cdm|identification|title}}",
				"entityType": "businessapp",
				"description": "{{cdm|identification|description}}"
			}
		}
	},
	{
		"metadata": {
			"updatedOn": 1629791295000,
			"updatedBy": "XXXX",
			"createdBy": "XXXX",
			"createdOn": 1628373024000,
			"context": {
				"id": "SUB_ACCOUNT",
				"contextType": "sub_account",
				"tenantId": "XXXX",
				"identityZoneId": "XXXX",
				"instanceId": "XXXX"
			}
		},
		"cdm": {
			"texts": {
				"cdm|identification|title": {
					"type": "XTIT",
					"value": {
						"": "Post Goods Receipt for Inbound Delivery",
						"en": ""
					}
				},
				"cdm|identification|description": {
					"type": "XTIT",
					"value": {
						"": "PROD.F2502.",
						"en": ""
					}
				},
				"cdm|payload|visualizations|Default-VizId|vizConfig|sap.app|info": {
					"type": "XTIT",
					"value": {
						"": "Warehouse Management",
						"en": ""
					}
				},
				"cdm|payload|visualizations|Default-VizId|vizConfig|sap.app|subTitle": {
					"type": "XTIT",
					"value": {
						"": "Manage inbound goods movement",
						"en": ""
					}
				}
			},
			"payload": {
				"defaultViz": "Default-VizId",
				"visualizations": {
					"Default-VizId": {
						"vizType": "sap.ushell.StaticAppLauncher",
						"vizConfig": {
							"sap.ui": {
								"icons": {
									"icon": "sap-icon://shipping-status"
								}
							},
							"sap.app": {
								"info": "{{cdm|payload|visualizations|Default-VizId|vizConfig|sap.app|info}}",
								"subTitle": "{{cdm|payload|visualizations|Default-VizId|vizConfig|sap.app|subTitle}}"
							},
							"sap.flp": {
								"target": {
									"type": "IBN",
									"inboundId": "__GenericDefaultSemantic-__GenericDefaultAction",
									"parameters": {}
								}
							}
						}
					}
				},
				"targetAppConfig": {
					"sap.app": {
						"tags": {
							"keywords": []
						},
						"destination": "ppmgfour",
						"crossNavigation": {
							"inbounds": {
								"__GenericDefaultSemantic-__GenericDefaultAction": {
									"action": "createGR",
									"signature": {
										"parameters": {
											"sap-ach": {
												"renameTo": "",
												"required": false,
												"defaultValue": {
													"value": "MM-FIO-IM-SGM",
													"format": "plain"
												}
											},
											"SourceOfGR": {
												"renameTo": "",
												"required": false,
												"defaultValue": {
													"value": "INBDELIV",
													"format": "plain"
												}
											},
											"sap-fiori-id": {
												"renameTo": "",
												"required": false,
												"defaultValue": {
													"value": "F2502",
													"format": "plain"
												}
											},
											"sap-fiori-ach": {
												"renameTo": "",
												"required": false,
												"defaultValue": {
													"value": "MM-FIO-IM-SGM",
													"format": "plain"
												}
											}
										},
										"additionalParameters": "allowed"
									},
									"deviceTypes": {
										"phone": false,
										"tablet": true,
										"desktop": true
									},
									"semanticObject": "InboundDelivery"
								}
							}
						}
					},
					"_version": "1.13.0",
					"sap.integration": {
						"navMode": "inplace",
						"urlTemplateId": "urltemplate.fiori",
						"urlTemplateParams": {
							"appId": "s2p.mm.im.goodsreceipt.purchaseorder"
						}
					}
				}
			},
			"_version": "3.0",
			"identification": {
				"id": "b5110144-a359-4b77-ac76-0d0b3be377d1",
				"title": "{{cdm|identification|title}}",
				"entityType": "businessapp",
				"description": "{{cdm|identification|description}}"
			}
		}
	},
	{
		"metadata": {
			"updatedOn": 1629791902000,
			"updatedBy": "XXXX",
			"createdBy": "XXXX",
			"createdOn": 1628373024000,
			"context": {
				"id": "SUB_ACCOUNT",
				"contextType": "sub_account",
				"tenantId": "XXXX",
				"identityZoneId": "XXXX",
				"instanceId": "XXXX"
			}
		},
		"cdm": {
			"texts": {
				"cdm|identification|title": {
					"type": "XTIT",
					"value": {
						"": "Overdue Materials - Stock in Transit",
						"en": ""
					}
				},
				"cdm|identification|description": {
					"type": "XTIT",
					"value": {
						"": "PROD.F2139",
						"en": ""
					}
				},
				"cdm|payload|visualizations|Default-VizId|vizConfig|sap.app|info": {
					"type": "XTIT",
					"value": {
						"": "Warehouse Management",
						"en": ""
					}
				},
				"cdm|payload|visualizations|Default-VizId|vizConfig|sap.app|subTitle": {
					"type": "XTIT",
					"value": {
						"": "Overview of overdue materials for which a stock transport order has been created",
						"en": ""
					}
				}
			},
			"payload": {
				"defaultViz": "Default-VizId",
				"visualizations": {
					"Default-VizId": {
						"vizType": "sap.ushell.StaticAppLauncher",
						"vizConfig": {
							"sap.ui": {
								"icons": {
									"icon": ""
								}
							},
							"sap.app": {
								"info": "{{cdm|payload|visualizations|Default-VizId|vizConfig|sap.app|info}}",
								"subTitle": "{{cdm|payload|visualizations|Default-VizId|vizConfig|sap.app|subTitle}}"
							},
							"sap.flp": {
								"target": {
									"type": "IBN",
									"inboundId": "__GenericDefaultSemantic-__GenericDefaultAction",
									"parameters": {}
								}
							}
						}
					}
				},
				"targetAppConfig": {
					"sap.app": {
						"tags": {
							"keywords": []
						},
						"destination": "ppmgfour",
						"crossNavigation": {
							"inbounds": {
								"__GenericDefaultSemantic-__GenericDefaultAction": {
									"action": "displayOverdueStockInTransit",
									"signature": {
										"parameters": {
											"sap-ach": {
												"renameTo": "",
												"required": false,
												"defaultValue": {
													"value": "MM-FIO-IM-SGM",
													"format": "plain"
												}
											},
											"Material": {
												"renameTo": "",
												"required": false,
												"defaultValue": {
													"value": "UserDefault.extended.Material",
													"format": "plain"
												}
											},
											"sap-fiori-id": {
												"renameTo": "",
												"required": false,
												"defaultValue": {
													"value": "F2139",
													"format": "plain"
												}
											},
											"StorageLocation": {
												"renameTo": "",
												"required": false,
												"defaultValue": {
													"value": "UserDefault.extended.StorageLocation",
													"format": "plain"
												}
											}
										},
										"additionalParameters": "allowed"
									},
									"deviceTypes": {
										"phone": true,
										"tablet": true,
										"desktop": true
									},
									"semanticObject": "Material"
								}
							}
						}
					},
					"_version": "1.13.0",
					"sap.integration": {
						"navMode": "inplace",
						"urlTemplateId": "urltemplate.fiori",
						"urlTemplateParams": {
							"appId": "ui.s2p.mm.overdue.sit"
						}
					}
				}
			},
			"_version": "3.0",
			"identification": {
				"id": "ec2fde6b-b634-4bfd-9d16-63f7acc85818",
				"title": "{{cdm|identification|title}}",
				"entityType": "businessapp",
				"description": "{{cdm|identification|description}}"
			}
		}
	},
	{
		"metadata": {
			"updatedOn": 1628486867000,
			"updatedBy": "XXXX",
			"createdBy": "XXXX",
			"createdOn": 1628486867000,
			"context": {
				"id": "SUB_ACCOUNT",
				"contextType": "sub_account",
				"tenantId": "XXXX",
				"identityZoneId": "XXXX",
				"instanceId": "XXXX"
			}
		},
		"cdm": {
			"texts": {
				"cdm|identification|title": {
					"type": "XTIT",
					"value": {
						"": "Company News",
						"en": ""
					}
				},
				"cdm|identification|description": {
					"type": "XTIT",
					"value": {
						"": "TB SAP Today",
						"en": ""
					}
				},
				"cdm|payload|visualizations|Default-VizId|vizConfig|sap.app|info": {
					"type": "XTIT",
					"value": {
						"": "https://news.sap.com/feed/",
						"en": ""
					}
				},
				"cdm|payload|visualizations|Default-VizId|vizConfig|sap.app|subTitle": {
					"type": "XTIT",
					"value": {
						"": "SAP Today",
						"en": ""
					}
				}
			},
			"payload": {
				"defaultViz": "Default-VizId",
				"visualizations": {
					"Default-VizId": {
						"vizType": "sap.ushell.StaticAppLauncher",
						"vizConfig": {
							"sap.ui": {
								"icons": {
									"icon": "sap-icon://building"
								}
							},
							"sap.app": {
								"info": "{{cdm|payload|visualizations|Default-VizId|vizConfig|sap.app|info}}",
								"subTitle": "{{cdm|payload|visualizations|Default-VizId|vizConfig|sap.app|subTitle}}"
							},
							"sap.flp": {
								"target": {
									"type": "IBN",
									"inboundId": "__GenericDefaultSemantic-__GenericDefaultAction",
									"parameters": {
										"mobilestart.type": {
											"value": {
												"value": "news",
												"format": "plain"
											}
										},
										"mobilestart.feedUrl": {
											"value": {
												"value": "https://news.sap.com/feed/",
												"format": "plain"
											}
										},
										"mobilestart.feedItemTitle": {
											"value": {
												"value": "title",
												"format": "plain"
											}
										},
										"mobilestart.feedItemChannelTitle": {
											"value": {
												"value": "title",
												"format": "plain"
											}
										},
										"mobilestart.feedItemPublishingDate": {
											"value": {
												"value": "pubDate",
												"format": "plain"
											}
										},
										"mobilestart.feedItemNavigationTargetLink": {
											"value": {
												"value": "link",
												"format": "plain"
											}
										}
									}
								}
							}
						}
					}
				},
				"targetAppConfig": {
					"sap.app": {
						"tags": {
							"keywords": []
						},
						"crossNavigation": {
							"inbounds": {
								"__GenericDefaultSemantic-__GenericDefaultAction": {
									"action": "SAPTODAY_APP",
									"signature": {
										"parameters": {},
										"additionalParameters": "allowed"
									},
									"deviceTypes": {
										"phone": true,
										"tablet": true,
										"desktop": true
									},
									"semanticObject": "SAPTODAY"
								}
							}
						}
					},
					"_version": "1.13.0",
					"sap.integration": {
						"navMode": "explace",
						"urlTemplateId": "urltemplate.url",
						"urlTemplateParams": {
							"url": "http://sap.com",
							"query": {},
							"enableSapParams": true
						}
					}
				}
			},
			"_version": "3.0",
			"identification": {
				"id": "bfd87714-a18b-4e4c-a99d-b27f224083ce",
				"title": "{{cdm|identification|title}}",
				"entityType": "businessapp",
				"description": "{{cdm|identification|description}}"
			}
		}
	}
]