[
	{
		"metadata": {
			"updatedOn": 1629790459000,
			"updatedBy": "XXXX",
			"createdBy": "XXXX",
			"createdOn": 1628373024000,
			"context": {
				"id": "SUB_ACCOUNT",
				"contextType": "sub_account",
				"tenantId": "XXXX",
				"identityZoneId": "XXXX",
				"instanceId": "XXXX"
			}
		},
		"cdm": {
			"texts": {
				"cdm|identification|title": {
					"type": "XTIT",
					"value": {
						"": "Check Cash Flow Items",
						"en": ""
					}
				},
				"cdm|identification|description": {
					"type": "XTIT",
					"value": {
						"": "PROD.F0735",
						"en": ""
					}
				},
				"cdm|payload|visualizations|Default-VizId|vizConfig|sap.app|info": {
					"type": "XTIT",
					"value": {
						"": "Cash Management",
						"en": ""
					}
				},
				"cdm|payload|visualizations|Default-VizId|vizConfig|sap.app|subTitle": {
					"type": "XTIT",
					"value": {
						"": "Track document line items relevant to cash flows",
						"en": ""
					}
				}
			},
			"payload": {
				"defaultViz": "Default-VizId",
				"visualizations": {
					"Default-VizId": {
						"vizType": "sap.ushell.StaticAppLauncher",
						"vizConfig": {
							"sap.ui": {
								"icons": {
									"icon": "sap-icon://Fiori5/F0735"
								}
							},
							"sap.app": {
								"info": "{{cdm|payload|visualizations|Default-VizId|vizConfig|sap.app|info}}",
								"subTitle": "{{cdm|payload|visualizations|Default-VizId|vizConfig|sap.app|subTitle}}"
							},
							"sap.flp": {
								"target": {
									"type": "IBN",
									"inboundId": "__GenericDefaultSemantic-__GenericDefaultAction",
									"parameters": {}
								}
							}
						}
					}
				},
				"targetAppConfig": {
					"sap.app": {
						"tags": {
							"keywords": []
						},
						"destination": "ppsfourp",
						"crossNavigation": {
							"inbounds": {
								"__GenericDefaultSemantic-__GenericDefaultAction": {
									"action": "analyzePaymentDetailsCompany",
									"signature": {
										"parameters": {},
										"additionalParameters": "allowed"
									},
									"deviceTypes": {
										"phone": true,
										"tablet": true,
										"desktop": true
									},
									"semanticObject": "BankAccount"
								}
							}
						}
					},
					"_version": "1.13.0",
					"sap.integration": {
						"navMode": "inplace",
						"urlTemplateId": "urltemplate.fiori",
						"urlTemplateParams": {
							"appId": "fin.cash.paymentdetail.display"
						}
					}
				}
			},
			"_version": "3.0",
			"identification": {
				"id": "ad7cf51b-3855-43b6-85c3-70bc2bb4101b",
				"title": "{{cdm|identification|title}}",
				"entityType": "businessapp",
				"description": "{{cdm|identification|description}}"
			}
		}
	},
	{
		"metadata": {
			"updatedOn": 1629795260000,
			"updatedBy": "XXXX",
			"createdBy": "XXXX",
			"createdOn": 1628373024000,
			"context": {
				"id": "SUB_ACCOUNT",
				"contextType": "sub_account",
				"tenantId": "XXXX",
				"identityZoneId": "XXXX",
				"instanceId": "XXXX"
			}
		},
		"cdm": {
			"texts": {
				"cdm|identification|title": {
					"type": "XTIT",
					"value": {
						"": "Display G/L Account Line Items",
						"en": ""
					}
				},
				"cdm|identification|description": {
					"type": "XTIT",
					"value": {
						"": "PROD.F2217",
						"en": ""
					}
				},
				"cdm|payload|visualizations|Default-VizId|vizConfig|sap.app|info": {
					"type": "XTIT",
					"value": {
						"": "General Ledger Accounting",
						"en": ""
					}
				},
				"cdm|payload|visualizations|Default-VizId|vizConfig|sap.app|subTitle": {
					"type": "XTIT",
					"value": {
						"": "Use this app to check G/L account line items",
						"en": ""
					}
				}
			},
			"payload": {
				"defaultViz": "Default-VizId",
				"visualizations": {
					"Default-VizId": {
						"vizType": "sap.ushell.StaticAppLauncher",
						"vizConfig": {
							"sap.ui": {
								"icons": {
									"icon": "sap-icon://Fiori5/F0706"
								}
							},
							"sap.app": {
								"info": "{{cdm|payload|visualizations|Default-VizId|vizConfig|sap.app|info}}",
								"subTitle": "{{cdm|payload|visualizations|Default-VizId|vizConfig|sap.app|subTitle}}"
							},
							"sap.flp": {
								"target": {
									"type": "IBN",
									"inboundId": "__GenericDefaultSemantic-__GenericDefaultAction",
									"parameters": {}
								}
							}
						}
					}
				},
				"targetAppConfig": {
					"sap.app": {
						"tags": {
							"keywords": []
						},
						"destination": "ppsfourp",
						"crossNavigation": {
							"inbounds": {
								"__GenericDefaultSemantic-__GenericDefaultAction": {
									"action": "displayGLLineItemReportingView",
									"signature": {
										"parameters": {},
										"additionalParameters": "allowed"
									},
									"deviceTypes": {
										"phone": false,
										"tablet": true,
										"desktop": true
									},
									"semanticObject": "GLAccount"
								}
							}
						}
					},
					"_version": "1.13.0",
					"sap.integration": {
						"navMode": "inplace",
						"urlTemplateId": "urltemplate.fiori",
						"urlTemplateParams": {
							"appId": "fin.gl.glview.display"
						}
					}
				}
			},
			"_version": "3.0",
			"identification": {
				"id": "0ce84485-c7a3-4a8f-b6f8-36c42c665268",
				"title": "{{cdm|identification|title}}",
				"entityType": "businessapp",
				"description": "{{cdm|identification|description}}"
			}
		}
	},
	{
		"metadata": {
			"updatedOn": 1629795563000,
			"updatedBy": "XXXX",
			"createdBy": "XXXX",
			"createdOn": 1628373024000,
			"context": {
				"id": "SUB_ACCOUNT",
				"contextType": "sub_account",
				"tenantId": "XXXX",
				"identityZoneId": "XXXX",
				"instanceId": "XXXX"
			}
		},
		"cdm": {
			"texts": {
				"cdm|identification|title": {
					"type": "XTIT",
					"value": {
						"": "Bank Relationship Overview",
						"en": ""
					}
				},
				"cdm|identification|description": {
					"type": "XTIT",
					"value": {
						"": "PROD.F3775",
						"en": ""
					}
				},
				"cdm|payload|visualizations|Default-VizId|vizConfig|sap.app|info": {
					"type": "XTIT",
					"value": {
						"": "Cash Management",
						"en": ""
					}
				},
				"cdm|payload|visualizations|Default-VizId|vizConfig|sap.app|subTitle": {
					"type": "XTIT",
					"value": {
						"": "Central source of information for recent payments, bank profile",
						"en": ""
					}
				}
			},
			"payload": {
				"defaultViz": "Default-VizId",
				"visualizations": {
					"Default-VizId": {
						"vizType": "sap.ushell.StaticAppLauncher",
						"vizConfig": {
							"sap.ui": {
								"icons": {
									"icon": "sap-icon://Fiori2/F0013"
								}
							},
							"sap.app": {
								"info": "{{cdm|payload|visualizations|Default-VizId|vizConfig|sap.app|info}}",
								"subTitle": "{{cdm|payload|visualizations|Default-VizId|vizConfig|sap.app|subTitle}}"
							},
							"sap.flp": {
								"target": {
									"type": "IBN",
									"inboundId": "__GenericDefaultSemantic-__GenericDefaultAction",
									"parameters": {}
								}
							}
						}
					}
				},
				"targetAppConfig": {
					"sap.app": {
						"tags": {
							"keywords": []
						},
						"destination": "ppsfourp",
						"crossNavigation": {
							"inbounds": {
								"__GenericDefaultSemantic-__GenericDefaultAction": {
									"action": "displayBRMOverview",
									"signature": {
										"parameters": {},
										"additionalParameters": "allowed"
									},
									"deviceTypes": {
										"phone": true,
										"tablet": true,
										"desktop": true
									},
									"semanticObject": "BankAccount"
								}
							}
						}
					},
					"_version": "1.13.0",
					"sap.integration": {
						"navMode": "inplace",
						"urlTemplateId": "urltemplate.fiori",
						"urlTemplateParams": {
							"appId": "fin.cash.brm.bankrelationship.overview"
						}
					}
				}
			},
			"_version": "3.0",
			"identification": {
				"id": "058dc3c1-1aed-40db-bc56-173d04c84da9",
				"title": "{{cdm|identification|title}}",
				"entityType": "businessapp",
				"description": "{{cdm|identification|description}}"
			}
		}
	},
	{
		"metadata": {
			"updatedOn": 1629799914000,
			"updatedBy": "XXXX",
			"createdBy": "XXXX",
			"createdOn": 1628373024000,
			"context": {
				"id": "SUB_ACCOUNT",
				"contextType": "sub_account",
				"tenantId": "XXXX",
				"identityZoneId": "XXXX",
				"instanceId": "XXXX"
			}
		},
		"cdm": {
			"texts": {
				"cdm|identification|title": {
					"type": "XTIT",
					"value": {
						"": "Cash Flow Analyzer",
						"en": ""
					}
				},
				"cdm|identification|description": {
					"type": "XTIT",
					"value": {
						"": "PROD.F2332",
						"en": ""
					}
				},
				"cdm|payload|visualizations|Default-VizId|vizConfig|sap.app|info": {
					"type": "XTIT",
					"value": {
						"": "Cash Management",
						"en": ""
					}
				},
				"cdm|payload|visualizations|Default-VizId|vizConfig|sap.app|subTitle": {
					"type": "XTIT",
					"value": {
						"": "View aggregated amounts and line item details of cash position",
						"en": ""
					}
				}
			},
			"payload": {
				"defaultViz": "Default-VizId",
				"visualizations": {
					"Default-VizId": {
						"vizType": "sap.ushell.StaticAppLauncher",
						"vizConfig": {
							"sap.ui": {
								"icons": {
									"icon": "sap-icon://Fiori2/F0101"
								}
							},
							"sap.app": {
								"info": "{{cdm|payload|visualizations|Default-VizId|vizConfig|sap.app|info}}",
								"subTitle": "{{cdm|payload|visualizations|Default-VizId|vizConfig|sap.app|subTitle}}"
							},
							"sap.flp": {
								"target": {
									"type": "IBN",
									"inboundId": "__GenericDefaultSemantic-__GenericDefaultAction",
									"parameters": {}
								}
							}
						}
					}
				},
				"targetAppConfig": {
					"sap.app": {
						"tags": {
							"keywords": []
						},
						"destination": "ppsfourp",
						"crossNavigation": {
							"inbounds": {
								"__GenericDefaultSemantic-__GenericDefaultAction": {
									"action": "analyzeFlow",
									"signature": {
										"parameters": {},
										"additionalParameters": "allowed"
									},
									"deviceTypes": {
										"phone": false,
										"tablet": true,
										"desktop": true
									},
									"semanticObject": "CashFlow"
								}
							}
						}
					},
					"_version": "1.13.0",
					"sap.integration": {
						"navMode": "inplace",
						"urlTemplateId": "urltemplate.fiori",
						"urlTemplateParams": {
							"appId": "fin.cash.flow.analyzer"
						}
					}
				}
			},
			"_version": "3.0",
			"identification": {
				"id": "c18b4712-db4d-4399-a556-59c64f6b0020",
				"title": "{{cdm|identification|title}}",
				"entityType": "businessapp",
				"description": "{{cdm|identification|description}}"
			}
		}
	},
	{
		"metadata": {
			"updatedOn": 1629800453000,
			"updatedBy": "XXXX",
			"createdBy": "XXXX",
			"createdOn": 1628373024000,
			"context": {
				"id": "SUB_ACCOUNT",
				"contextType": "sub_account",
				"tenantId": "XXXX",
				"identityZoneId": "XXXX",
				"instanceId": "XXXX"
			}
		},
		"cdm": {
			"texts": {
				"cdm|identification|title": {
					"type": "XTIT",
					"value": {
						"": "Days Payable Outstanding - Indirect Method",
						"en": ""
					}
				},
				"cdm|identification|description": {
					"type": "XTIT",
					"value": {
						"": "PROD.F2895",
						"en": ""
					}
				},
				"cdm|payload|visualizations|Default-VizId|vizConfig|sap.app|info": {
					"type": "XTIT",
					"value": {
						"": "Accounts Payable Management",
						"en": ""
					}
				},
				"cdm|payload|visualizations|Default-VizId|vizConfig|sap.app|subTitle": {
					"type": "XTIT",
					"value": {
						"": "View your days payable outstanding (DPO)",
						"en": ""
					}
				}
			},
			"payload": {
				"defaultViz": "Default-VizId",
				"visualizations": {
					"Default-VizId": {
						"vizType": "sap.ushell.StaticAppLauncher",
						"vizConfig": {
							"sap.ui": {
								"icons": {
									"icon": ""
								}
							},
							"sap.app": {
								"info": "{{cdm|payload|visualizations|Default-VizId|vizConfig|sap.app|info}}",
								"subTitle": "{{cdm|payload|visualizations|Default-VizId|vizConfig|sap.app|subTitle}}"
							},
							"sap.flp": {
								"target": {
									"type": "IBN",
									"inboundId": "__GenericDefaultSemantic-__GenericDefaultAction",
									"parameters": {}
								}
							}
						}
					}
				},
				"targetAppConfig": {
					"sap.app": {
						"tags": {
							"keywords": []
						},
						"destination": "ppsfourp",
						"crossNavigation": {
							"inbounds": {
								"__GenericDefaultSemantic-__GenericDefaultAction": {
									"action": "executeAPFConfigurationIndirect",
									"signature": {
										"parameters": {},
										"additionalParameters": "allowed"
									},
									"deviceTypes": {
										"phone": false,
										"tablet": true,
										"desktop": true
									},
									"semanticObject": "DaysPayablesOutstandingKPI"
								}
							}
						}
					},
					"_version": "1.13.0",
					"sap.integration": {
						"navMode": "inplace",
						"urlTemplateId": "urltemplate.fiori",
						"urlTemplateParams": {
							"appId": "fin.ap.dayspayableoutindirect"
						}
					}
				}
			},
			"_version": "3.0",
			"identification": {
				"id": "ca0af74f-6e00-4a3b-8228-3554932b0369",
				"title": "{{cdm|identification|title}}",
				"entityType": "businessapp",
				"description": "{{cdm|identification|description}}"
			}
		}
	},
	{
		"metadata": {
			"updatedOn": 1629799591000,
			"updatedBy": "XXXX",
			"createdBy": "XXXX",
			"createdOn": 1628373024000,
			"context": {
				"id": "SUB_ACCOUNT",
				"contextType": "sub_account",
				"tenantId": "XXXX",
				"identityZoneId": "XXXX",
				"instanceId": "XXXX"
			}
		},
		"cdm": {
			"texts": {
				"cdm|identification|title": {
					"type": "XTIT",
					"value": {
						"": "Process Receivables",
						"en": ""
					}
				},
				"cdm|identification|description": {
					"type": "XTIT",
					"value": {
						"": "PROD.F0106",
						"en": ""
					}
				},
				"cdm|payload|visualizations|Default-VizId|vizConfig|sap.app|info": {
					"type": "XTIT",
					"value": {
						"": "Accounts Receivable Management",
						"en": ""
					}
				},
				"cdm|payload|visualizations|Default-VizId|vizConfig|sap.app|subTitle": {
					"type": "XTIT",
					"value": {
						"": "Collect open receivables",
						"en": ""
					}
				}
			},
			"payload": {
				"defaultViz": "Default-VizId",
				"visualizations": {
					"Default-VizId": {
						"vizType": "sap.ushell.StaticAppLauncher",
						"vizConfig": {
							"sap.ui": {
								"icons": {
									"icon": "sap-icon://process"
								}
							},
							"sap.app": {
								"info": "{{cdm|payload|visualizations|Default-VizId|vizConfig|sap.app|info}}",
								"subTitle": "{{cdm|payload|visualizations|Default-VizId|vizConfig|sap.app|subTitle}}"
							},
							"sap.flp": {
								"target": {
									"type": "IBN",
									"inboundId": "__GenericDefaultSemantic-__GenericDefaultAction",
									"parameters": {}
								}
							}
						}
					}
				},
				"targetAppConfig": {
					"sap.app": {
						"tags": {
							"keywords": []
						},
						"destination": "ppsfourp",
						"crossNavigation": {
							"inbounds": {
								"__GenericDefaultSemantic-__GenericDefaultAction": {
									"action": "processReceivables",
									"signature": {
										"parameters": {},
										"additionalParameters": "allowed"
									},
									"deviceTypes": {
										"phone": false,
										"tablet": true,
										"desktop": true
									},
									"semanticObject": "Customer"
								}
							}
						}
					},
					"_version": "1.13.0",
					"sap.integration": {
						"navMode": "inplace",
						"urlTemplateId": "urltemplate.fiori",
						"urlTemplateParams": {
							"appId": "fin.ar.customerinvoicelist"
						}
					}
				}
			},
			"_version": "3.0",
			"identification": {
				"id": "647a390d-3c3d-41c8-8cf2-0d95e22c91b4",
				"title": "{{cdm|identification|title}}",
				"entityType": "businessapp",
				"description": "{{cdm|identification|description}}"
			}
		}
	},
	{
		"metadata": {
			"updatedOn": 1629801175000,
			"updatedBy": "XXXX",
			"createdBy": "XXXX",
			"createdOn": 1628373024000,
			"context": {
				"id": "SUB_ACCOUNT",
				"contextType": "sub_account",
				"tenantId": "XXXX",
				"identityZoneId": "XXXX",
				"instanceId": "XXXX"
			}
		},
		"cdm": {
			"texts": {
				"cdm|identification|title": {
					"type": "XTIT",
					"value": {
						"": "Accounts Payable Overview",
						"en": ""
					}
				},
				"cdm|identification|description": {
					"type": "XTIT",
					"value": {
						"": "PROD.F2917",
						"en": ""
					}
				},
				"cdm|payload|visualizations|Default-VizId|vizConfig|sap.app|info": {
					"type": "XTIT",
					"value": {
						"": "Accounts Payable Management",
						"en": ""
					}
				},
				"cdm|payload|visualizations|Default-VizId|vizConfig|sap.app|subTitle": {
					"type": "XTIT",
					"value": {
						"": "Stay informed about your accounts payable indicators",
						"en": ""
					}
				}
			},
			"payload": {
				"defaultViz": "Default-VizId",
				"visualizations": {
					"Default-VizId": {
						"vizType": "sap.ushell.StaticAppLauncher",
						"vizConfig": {
							"sap.ui": {
								"icons": {
									"icon": "sap-icon://Fiori4/F0683"
								}
							},
							"sap.app": {
								"info": "{{cdm|payload|visualizations|Default-VizId|vizConfig|sap.app|info}}",
								"subTitle": "{{cdm|payload|visualizations|Default-VizId|vizConfig|sap.app|subTitle}}"
							},
							"sap.flp": {
								"target": {
									"type": "IBN",
									"inboundId": "__GenericDefaultSemantic-__GenericDefaultAction",
									"parameters": {}
								}
							}
						}
					}
				},
				"targetAppConfig": {
					"sap.app": {
						"tags": {
							"keywords": []
						},
						"destination": "ppsfourp",
						"crossNavigation": {
							"inbounds": {
								"__GenericDefaultSemantic-__GenericDefaultAction": {
									"action": "overviewPayable",
									"signature": {
										"parameters": {},
										"additionalParameters": "allowed"
									},
									"deviceTypes": {
										"phone": true,
										"tablet": true,
										"desktop": true
									},
									"semanticObject": "Account"
								}
							}
						}
					},
					"_version": "1.13.0",
					"sap.integration": {
						"navMode": "inplace",
						"urlTemplateId": "urltemplate.fiori",
						"urlTemplateParams": {
							"appId": "fin.ap.manager.ovp"
						}
					}
				}
			},
			"_version": "3.0",
			"identification": {
				"id": "2abe9a5b-0fc8-4f69-92a0-68b39b85a2a4",
				"title": "{{cdm|identification|title}}",
				"entityType": "businessapp",
				"description": "{{cdm|identification|description}}"
			}
		}
	},
	{
		"metadata": {
			"updatedOn": 1629800554000,
			"updatedBy": "XXXX",
			"createdBy": "XXXX",
			"createdOn": 1628373024000,
			"context": {
				"id": "SUB_ACCOUNT",
				"contextType": "sub_account",
				"tenantId": "XXXX",
				"identityZoneId": "XXXX",
				"instanceId": "XXXX"
			}
		},
		"cdm": {
			"texts": {
				"cdm|identification|title": {
					"type": "XTIT",
					"value": {
						"": "Accounts Receivable Overview",
						"en": ""
					}
				},
				"cdm|identification|description": {
					"type": "XTIT",
					"value": {
						"": "PROD.F3242",
						"en": ""
					}
				},
				"cdm|payload|visualizations|Default-VizId|vizConfig|sap.app|info": {
					"type": "XTIT",
					"value": {
						"": "Accounts Receivable Management",
						"en": ""
					}
				},
				"cdm|payload|visualizations|Default-VizId|vizConfig|sap.app|subTitle": {
					"type": "XTIT",
					"value": {
						"": "Stay informed about your accounts receivable indicators",
						"en": ""
					}
				}
			},
			"payload": {
				"defaultViz": "Default-VizId",
				"visualizations": {
					"Default-VizId": {
						"vizType": "sap.ushell.StaticAppLauncher",
						"vizConfig": {
							"sap.ui": {
								"icons": {
									"icon": "sap-icon://accounting-document-verification"
								}
							},
							"sap.app": {
								"info": "{{cdm|payload|visualizations|Default-VizId|vizConfig|sap.app|info}}",
								"subTitle": "{{cdm|payload|visualizations|Default-VizId|vizConfig|sap.app|subTitle}}"
							},
							"sap.flp": {
								"target": {
									"type": "IBN",
									"inboundId": "__GenericDefaultSemantic-__GenericDefaultAction",
									"parameters": {}
								}
							}
						}
					}
				},
				"targetAppConfig": {
					"sap.app": {
						"tags": {
							"keywords": []
						},
						"destination": "ppsfourp",
						"crossNavigation": {
							"inbounds": {
								"__GenericDefaultSemantic-__GenericDefaultAction": {
									"action": "overviewAccountsReceivable",
									"signature": {
										"parameters": {},
										"additionalParameters": "allowed"
									},
									"deviceTypes": {
										"phone": true,
										"tablet": true,
										"desktop": true
									},
									"semanticObject": "CompanyCode"
								}
							}
						}
					},
					"_version": "1.13.0",
					"sap.integration": {
						"navMode": "inplace",
						"urlTemplateId": "urltemplate.fiori",
						"urlTemplateParams": {
							"appId": "fin.ar.manager.ovp"
						}
					}
				}
			},
			"_version": "3.0",
			"identification": {
				"id": "f1f69a9a-d06d-469d-93fc-ec2c7834d645",
				"title": "{{cdm|identification|title}}",
				"entityType": "businessapp",
				"description": "{{cdm|identification|description}}"
			}
		}
	},
	{
		"metadata": {
			"updatedOn": 1629795399000,
			"updatedBy": "XXXX",
			"createdBy": "XXXX",
			"createdOn": 1628373024000,
			"context": {
				"id": "SUB_ACCOUNT",
				"contextType": "sub_account",
				"tenantId": "XXXX",
				"identityZoneId": "XXXX",
				"instanceId": "XXXX"
			}
		},
		"cdm": {
			"texts": {
				"cdm|identification|title": {
					"type": "XTIT",
					"value": {
						"": "Manage Customer Line Items",
						"en": ""
					}
				},
				"cdm|identification|description": {
					"type": "XTIT",
					"value": {
						"": "PROD.F0711",
						"en": ""
					}
				},
				"cdm|payload|visualizations|Default-VizId|vizConfig|sap.app|info": {
					"type": "XTIT",
					"value": {
						"": "General Ledger Accounting",
						"en": ""
					}
				},
				"cdm|payload|visualizations|Default-VizId|vizConfig|sap.app|subTitle": {
					"type": "XTIT",
					"value": {
						"": "Ad-hoc requests or recurring reports to find customer line items",
						"en": ""
					}
				}
			},
			"payload": {
				"defaultViz": "Default-VizId",
				"visualizations": {
					"Default-VizId": {
						"vizType": "sap.ushell.StaticAppLauncher",
						"vizConfig": {
							"sap.ui": {
								"icons": {
									"icon": "sap-icon://Fiori5/F0711"
								}
							},
							"sap.app": {
								"info": "{{cdm|payload|visualizations|Default-VizId|vizConfig|sap.app|info}}",
								"subTitle": "{{cdm|payload|visualizations|Default-VizId|vizConfig|sap.app|subTitle}}"
							},
							"sap.flp": {
								"target": {
									"type": "IBN",
									"inboundId": "__GenericDefaultSemantic-__GenericDefaultAction",
									"parameters": {}
								}
							}
						}
					}
				},
				"targetAppConfig": {
					"sap.app": {
						"tags": {
							"keywords": []
						},
						"destination": "ppsfourp",
						"crossNavigation": {
							"inbounds": {
								"__GenericDefaultSemantic-__GenericDefaultAction": {
									"action": "manageLineItems",
									"signature": {
										"parameters": {},
										"additionalParameters": "allowed"
									},
									"deviceTypes": {
										"phone": false,
										"tablet": true,
										"desktop": true
									},
									"semanticObject": "Customer"
								}
							}
						}
					},
					"_version": "1.13.0",
					"sap.integration": {
						"navMode": "inplace",
						"urlTemplateId": "urltemplate.fiori",
						"urlTemplateParams": {
							"appId": "fin.ar.lineitems.display"
						}
					}
				}
			},
			"_version": "3.0",
			"identification": {
				"id": "c64469ee-01f6-483f-8f21-ef67584d6b75",
				"title": "{{cdm|identification|title}}",
				"entityType": "businessapp",
				"description": "{{cdm|identification|description}}"
			}
		}
	},
	{
		"metadata": {
			"updatedOn": 1629795327000,
			"updatedBy": "XXXX",
			"createdBy": "XXXX",
			"createdOn": 1628373024000,
			"context": {
				"id": "SUB_ACCOUNT",
				"contextType": "sub_account",
				"tenantId": "XXXX",
				"identityZoneId": "XXXX",
				"instanceId": "XXXX"
			}
		},
		"cdm": {
			"texts": {
				"cdm|identification|title": {
					"type": "XTIT",
					"value": {
						"": "Manage Journal Entries",
						"en": ""
					}
				},
				"cdm|identification|description": {
					"type": "XTIT",
					"value": {
						"": "PROD.F0717",
						"en": ""
					}
				},
				"cdm|payload|visualizations|Default-VizId|vizConfig|sap.app|info": {
					"type": "XTIT",
					"value": {
						"": "General Ledger Accounting",
						"en": ""
					}
				},
				"cdm|payload|visualizations|Default-VizId|vizConfig|sap.app|subTitle": {
					"type": "XTIT",
					"value": {
						"": "Analyze your journal entries and create reversals.",
						"en": ""
					}
				}
			},
			"payload": {
				"defaultViz": "Default-VizId",
				"visualizations": {
					"Default-VizId": {
						"vizType": "sap.ushell.StaticAppLauncher",
						"vizConfig": {
							"sap.ui": {
								"icons": {
									"icon": "sap-icon://Fiori5/F0718"
								}
							},
							"sap.app": {
								"info": "{{cdm|payload|visualizations|Default-VizId|vizConfig|sap.app|info}}",
								"subTitle": "{{cdm|payload|visualizations|Default-VizId|vizConfig|sap.app|subTitle}}"
							},
							"sap.flp": {
								"target": {
									"type": "IBN",
									"inboundId": "__GenericDefaultSemantic-__GenericDefaultAction",
									"parameters": {}
								}
							}
						}
					}
				},
				"targetAppConfig": {
					"sap.app": {
						"tags": {
							"keywords": []
						},
						"destination": "ppsfourp",
						"crossNavigation": {
							"inbounds": {
								"__GenericDefaultSemantic-__GenericDefaultAction": {
									"action": "manage",
									"signature": {
										"parameters": {},
										"additionalParameters": "allowed"
									},
									"deviceTypes": {
										"phone": false,
										"tablet": true,
										"desktop": true
									},
									"semanticObject": "AccountingDocument"
								}
							}
						}
					},
					"_version": "1.13.0",
					"sap.integration": {
						"navMode": "inplace",
						"urlTemplateId": "urltemplate.fiori",
						"urlTemplateParams": {
							"appId": "fin.gl.documentdisplay"
						}
					}
				}
			},
			"_version": "3.0",
			"identification": {
				"id": "a53f3c93-db32-42e7-9209-7804629cb6ca",
				"title": "{{cdm|identification|title}}",
				"entityType": "businessapp",
				"description": "{{cdm|identification|description}}"
			}
		}
	},
	{
		"metadata": {
			"updatedOn": 1629801052000,
			"updatedBy": "XXXX",
			"createdBy": "XXXX",
			"createdOn": 1628373024000,
			"context": {
				"id": "SUB_ACCOUNT",
				"contextType": "sub_account",
				"tenantId": "XXXX",
				"identityZoneId": "XXXX",
				"instanceId": "XXXX"
			}
		},
		"cdm": {
			"texts": {
				"cdm|identification|title": {
					"type": "XTIT",
					"value": {
						"": "Credit Limit Utilization (S/4HANA)",
						"en": ""
					}
				},
				"cdm|identification|description": {
					"type": "XTIT",
					"value": {
						"": "PROD.F1751",
						"en": ""
					}
				},
				"cdm|payload|visualizations|Default-VizId|vizConfig|sap.app|info": {
					"type": "XTIT",
					"value": {
						"": "Credit Controlling",
						"en": ""
					}
				},
				"cdm|payload|visualizations|Default-VizId|vizConfig|sap.app|subTitle": {
					"type": "XTIT",
					"value": {
						"": "Display the KPI Credit Limit Utilization",
						"en": ""
					}
				}
			},
			"payload": {
				"defaultViz": "Default-VizId",
				"visualizations": {
					"Default-VizId": {
						"vizType": "sap.ushell.StaticAppLauncher",
						"vizConfig": {
							"sap.ui": {
								"icons": {
									"icon": ""
								}
							},
							"sap.app": {
								"info": "{{cdm|payload|visualizations|Default-VizId|vizConfig|sap.app|info}}",
								"subTitle": "{{cdm|payload|visualizations|Default-VizId|vizConfig|sap.app|subTitle}}"
							},
							"sap.flp": {
								"target": {
									"type": "IBN",
									"inboundId": "__GenericDefaultSemantic-__GenericDefaultAction",
									"parameters": {}
								}
							}
						}
					}
				},
				"targetAppConfig": {
					"sap.app": {
						"tags": {
							"keywords": []
						},
						"destination": "ppsfourp",
						"crossNavigation": {
							"inbounds": {
								"__GenericDefaultSemantic-__GenericDefaultAction": {
									"action": "analyzeSBKPICreditLimitUtilization",
									"signature": {
										"parameters": {},
										"additionalParameters": "allowed"
									},
									"deviceTypes": {
										"phone": false,
										"tablet": true,
										"desktop": true
									},
									"semanticObject": "CustomerCreditExposureAmount"
								}
							}
						}
					},
					"_version": "1.13.0",
					"sap.integration": {
						"navMode": "inplace",
						"urlTemplateId": "urltemplate.fiori",
						"urlTemplateParams": {
							"appId": "ssuite.smartbusiness.runtime.s1"
						}
					}
				}
			},
			"_version": "3.0",
			"identification": {
				"id": "c2988efa-0ded-4857-9ee0-6ef72af896d0",
				"title": "{{cdm|identification|title}}",
				"entityType": "businessapp",
				"description": "{{cdm|identification|description}}"
			}
		}
	},
	{
		"metadata": {
			"updatedOn": 1629800195000,
			"updatedBy": "XXXX",
			"createdBy": "XXXX",
			"createdOn": 1628373024000,
			"context": {
				"id": "SUB_ACCOUNT",
				"contextType": "sub_account",
				"tenantId": "XXXX",
				"identityZoneId": "XXXX",
				"instanceId": "XXXX"
			}
		},
		"cdm": {
			"texts": {
				"cdm|identification|title": {
					"type": "XTIT",
					"value": {
						"": "General Ledger Overview",
						"en": ""
					}
				},
				"cdm|identification|description": {
					"type": "XTIT",
					"value": {
						"": "PROD.F2445",
						"en": ""
					}
				},
				"cdm|payload|visualizations|Default-VizId|vizConfig|sap.app|info": {
					"type": "XTIT",
					"value": {
						"": "General Ledger Accounting",
						"en": ""
					}
				},
				"cdm|payload|visualizations|Default-VizId|vizConfig|sap.app|subTitle": {
					"type": "XTIT",
					"value": {
						"": "Monitor important general ledger accounting indicators",
						"en": ""
					}
				}
			},
			"payload": {
				"defaultViz": "Default-VizId",
				"visualizations": {
					"Default-VizId": {
						"vizType": "sap.ushell.StaticAppLauncher",
						"vizConfig": {
							"sap.ui": {
								"icons": {
									"icon": "sap-icon://Chart-Tree-Map"
								}
							},
							"sap.app": {
								"info": "{{cdm|payload|visualizations|Default-VizId|vizConfig|sap.app|info}}",
								"subTitle": "{{cdm|payload|visualizations|Default-VizId|vizConfig|sap.app|subTitle}}"
							},
							"sap.flp": {
								"target": {
									"type": "IBN",
									"inboundId": "__GenericDefaultSemantic-__GenericDefaultAction",
									"parameters": {}
								}
							}
						}
					}
				},
				"targetAppConfig": {
					"sap.app": {
						"tags": {
							"keywords": []
						},
						"destination": "ppsfourp",
						"crossNavigation": {
							"inbounds": {
								"__GenericDefaultSemantic-__GenericDefaultAction": {
									"action": "display",
									"signature": {
										"parameters": {},
										"additionalParameters": "allowed"
									},
									"deviceTypes": {
										"phone": true,
										"tablet": true,
										"desktop": true
									},
									"semanticObject": "GeneralLedgerOverview"
								}
							}
						}
					},
					"_version": "1.13.0",
					"sap.integration": {
						"navMode": "inplace",
						"urlTemplateId": "urltemplate.fiori",
						"urlTemplateParams": {
							"appId": "fin.gl.glaccount.ovp"
						}
					}
				}
			},
			"_version": "3.0",
			"identification": {
				"id": "af05b1cd-984b-4d58-ab72-c1fb68a0a618",
				"title": "{{cdm|identification|title}}",
				"entityType": "businessapp",
				"description": "{{cdm|identification|description}}"
			}
		}
	},
	{
		"metadata": {
			"updatedOn": 1629799827000,
			"updatedBy": "XXXX",
			"createdBy": "XXXX",
			"createdOn": 1628373024000,
			"context": {
				"id": "SUB_ACCOUNT",
				"contextType": "sub_account",
				"tenantId": "XXXX",
				"identityZoneId": "XXXX",
				"instanceId": "XXXX"
			}
		},
		"cdm": {
			"texts": {
				"cdm|identification|title": {
					"type": "XTIT",
					"value": {
						"": "Manage Supplier Line Items",
						"en": ""
					}
				},
				"cdm|identification|description": {
					"type": "XTIT",
					"value": {
						"": "PROD.F0712",
						"en": ""
					}
				},
				"cdm|payload|visualizations|Default-VizId|vizConfig|sap.app|info": {
					"type": "XTIT",
					"value": {
						"": "Accounts Payable Management",
						"en": ""
					}
				},
				"cdm|payload|visualizations|Default-VizId|vizConfig|sap.app|subTitle": {
					"type": "XTIT",
					"value": {
						"": "Ad-hoc requests or recurring reports to find supplier line items",
						"en": ""
					}
				}
			},
			"payload": {
				"defaultViz": "Default-VizId",
				"visualizations": {
					"Default-VizId": {
						"vizType": "sap.ushell.StaticAppLauncher",
						"vizConfig": {
							"sap.ui": {
								"icons": {
									"icon": "sap-icon://Fiori5/F0712"
								}
							},
							"sap.app": {
								"info": "{{cdm|payload|visualizations|Default-VizId|vizConfig|sap.app|info}}",
								"subTitle": "{{cdm|payload|visualizations|Default-VizId|vizConfig|sap.app|subTitle}}"
							},
							"sap.flp": {
								"target": {
									"type": "IBN",
									"inboundId": "__GenericDefaultSemantic-__GenericDefaultAction",
									"parameters": {}
								}
							}
						}
					}
				},
				"targetAppConfig": {
					"sap.app": {
						"tags": {
							"keywords": []
						},
						"destination": "ppsfourp",
						"crossNavigation": {
							"inbounds": {
								"__GenericDefaultSemantic-__GenericDefaultAction": {
									"action": "manageLineItems",
									"signature": {
										"parameters": {},
										"additionalParameters": "allowed"
									},
									"deviceTypes": {
										"phone": false,
										"tablet": true,
										"desktop": true
									},
									"semanticObject": "Supplier"
								}
							}
						}
					},
					"_version": "1.13.0",
					"sap.integration": {
						"navMode": "inplace",
						"urlTemplateId": "urltemplate.fiori",
						"urlTemplateParams": {
							"appId": "fin.ap.lineitems.display"
						}
					}
				}
			},
			"_version": "3.0",
			"identification": {
				"id": "1e8ca0fb-382d-46e9-aa16-13785d5bd7ac",
				"title": "{{cdm|identification|title}}",
				"entityType": "businessapp",
				"description": "{{cdm|identification|description}}"
			}
		}
	},
	{
		"metadata": {
			"updatedOn": 1629805240000,
			"updatedBy": "XXXX",
			"createdBy": "XXXX",
			"createdOn": 1628373024000,
			"context": {
				"id": "SUB_ACCOUNT",
				"contextType": "sub_account",
				"tenantId": "XXXX",
				"identityZoneId": "XXXX",
				"instanceId": "XXXX"
			}
		},
		"cdm": {
			"texts": {
				"cdm|identification|title": {
					"type": "XTIT",
					"value": {
						"": "Display Financial Statement",
						"en": ""
					}
				},
				"cdm|identification|description": {
					"type": "XTIT",
					"value": {
						"": "Display Financial Statement",
						"en": ""
					}
				},
				"cdm|payload|visualizations|Default-VizId|vizConfig|sap.app|info": {
					"type": "XTIT",
					"value": {
						"": "General Ledger Accounting",
						"en": ""
					}
				},
				"cdm|payload|visualizations|Default-VizId|vizConfig|sap.app|subTitle": {
					"type": "XTIT",
					"value": {
						"": "Display balance sheets and profit and loss statements",
						"en": ""
					}
				}
			},
			"payload": {
				"defaultViz": "Default-VizId",
				"visualizations": {
					"Default-VizId": {
						"vizType": "sap.ushell.StaticAppLauncher",
						"vizConfig": {
							"sap.ui": {
								"icons": {
									"icon": "sap-icon://order-status"
								}
							},
							"sap.app": {
								"info": "{{cdm|payload|visualizations|Default-VizId|vizConfig|sap.app|info}}",
								"subTitle": "{{cdm|payload|visualizations|Default-VizId|vizConfig|sap.app|subTitle}}"
							},
							"sap.flp": {
								"target": {
									"type": "IBN",
									"inboundId": "__GenericDefaultSemantic-__GenericDefaultAction",
									"parameters": {}
								}
							}
						}
					}
				},
				"targetAppConfig": {
					"sap.app": {
						"tags": {
							"keywords": []
						},
						"destination": "ppsfourp",
						"crossNavigation": {
							"inbounds": {
								"__GenericDefaultSemantic-__GenericDefaultAction": {
									"action": "display",
									"signature": {
										"parameters": {},
										"additionalParameters": "allowed"
									},
									"deviceTypes": {
										"phone": false,
										"tablet": true,
										"desktop": true
									},
									"semanticObject": "FinancialStatement"
								}
							}
						}
					},
					"_version": "1.13.0",
					"sap.integration": {
						"navMode": "inplace",
						"urlTemplateId": "urltemplate.fiori",
						"urlTemplateParams": {
							"appId": "fin.gl.finstatement.display"
						}
					}
				}
			},
			"_version": "3.0",
			"identification": {
				"id": "cbd4ff79-0738-4a1f-a0a5-978352caace5",
				"title": "{{cdm|identification|title}}",
				"entityType": "businessapp",
				"description": "{{cdm|identification|description}}"
			}
		}
	},
	{
		"metadata": {
			"updatedOn": 1628595436000,
			"updatedBy": "XXXX",
			"createdBy": "XXXX",
			"createdOn": 1628595436000,
			"context": {
				"id": "SUB_ACCOUNT",
				"contextType": "sub_account",
				"tenantId": "XXXX",
				"identityZoneId": "XXXX",
				"instanceId": "XXXX"
			}
		},
		"cdm": {
			"texts": {
				"cdm|identification|title": {
					"type": "XTIT",
					"value": {
						"": "SAP Customer Guide",
						"en": ""
					}
				},
				"cdm|identification|description": {
					"type": "XTIT",
					"value": {
						"": "Native App",
						"en": ""
					}
				},
				"cdm|payload|visualizations|Default-VizId|vizConfig|sap.app|info": {
					"type": "XTIT",
					"value": {
						"": "",
						"en": ""
					}
				},
				"cdm|payload|visualizations|Default-VizId|vizConfig|sap.app|subTitle": {
					"type": "XTIT",
					"value": {
						"": "Finance",
						"en": ""
					}
				}
			},
			"payload": {
				"defaultViz": "Default-VizId",
				"visualizations": {
					"Default-VizId": {
						"vizType": "sap.ushell.StaticAppLauncher",
						"vizConfig": {
							"sap.ui": {
								"icons": {
									"icon": "https://is3-ssl.mzstatic.com/image/thumb/Purple114/v4/8d/bc/b3/8dbcb3fa-ab9c-826c-087a-b766c69a9fb3/AppIcon-0-1x_U007emarketing-0-7-0-85-220.png/230x0w.png"
								}
							},
							"sap.app": {
								"info": "{{cdm|payload|visualizations|Default-VizId|vizConfig|sap.app|info}}",
								"subTitle": "{{cdm|payload|visualizations|Default-VizId|vizConfig|sap.app|subTitle}}"
							},
							"sap.flp": {
								"target": {
									"type": "IBN",
									"inboundId": "__GenericDefaultSemantic-__GenericDefaultAction",
									"parameters": {}
								}
							}
						}
					}
				},
				"targetAppConfig": {
					"sap.app": {
						"tags": {
							"keywords": []
						},
						"crossNavigation": {
							"inbounds": {
								"__GenericDefaultSemantic-__GenericDefaultAction": {
									"action": "guide",
									"signature": {
										"parameters": {},
										"additionalParameters": "allowed"
									},
									"deviceTypes": {
										"phone": true,
										"tablet": true,
										"desktop": true
									},
									"semanticObject": "cut"
								}
							}
						}
					},
					"_version": "1.13.0",
					"sap.integration": {
						"navMode": "inplace",
						"urlTemplateId": "urltemplate.nativeIOS",
						"urlTemplateParams": {
							"startUrl": "sapcustguide://",
							"installUrl": "https://apps.apple.com/us/app/id1510321715"
						}
					}
				}
			},
			"_version": "3.0",
			"identification": {
				"id": "1413b162-d70c-4fb2-8fe0-5eb5c6bc9b10",
				"title": "{{cdm|identification|title}}",
				"entityType": "businessapp",
				"description": "{{cdm|identification|description}}"
			}
		}
	},
	{
		"metadata": {
			"updatedOn": 1628595436000,
			"updatedBy": "XXXX",
			"createdBy": "XXXX",
			"createdOn": 1628595436000,
			"context": {
				"id": "SUB_ACCOUNT",
				"contextType": "sub_account",
				"tenantId": "XXXX",
				"identityZoneId": "XXXX",
				"instanceId": "XXXX"
			}
		},
		"cdm": {
			"texts": {
				"cdm|identification|title": {
					"type": "XTIT",
					"value": {
						"": "SAP Analytical Cloud",
						"en": ""
					}
				},
				"cdm|identification|description": {
					"type": "XTIT",
					"value": {
						"": "Native App",
						"en": ""
					}
				},
				"cdm|payload|visualizations|Default-VizId|vizConfig|sap.app|info": {
					"type": "XTIT",
					"value": {
						"": "",
						"en": ""
					}
				},
				"cdm|payload|visualizations|Default-VizId|vizConfig|sap.app|subTitle": {
					"type": "XTIT",
					"value": {
						"": "Analytics",
						"en": ""
					}
				}
			},
			"payload": {
				"defaultViz": "Default-VizId",
				"visualizations": {
					"Default-VizId": {
						"vizType": "sap.ushell.StaticAppLauncher",
						"vizConfig": {
							"sap.ui": {
								"icons": {
									"icon": "https://is3-ssl.mzstatic.com/image/thumb/Purple125/v4/86/e9/d6/86e9d6af-bf65-943e-3d5f-8f062d9283d8/AppIcon-1x_U007emarketing-0-7-0-85-220.png/460x0w.png"
								}
							},
							"sap.app": {
								"info": "{{cdm|payload|visualizations|Default-VizId|vizConfig|sap.app|info}}",
								"subTitle": "{{cdm|payload|visualizations|Default-VizId|vizConfig|sap.app|subTitle}}"
							},
							"sap.flp": {
								"target": {
									"type": "IBN",
									"inboundId": "__GenericDefaultSemantic-__GenericDefaultAction",
									"parameters": {}
								}
							}
						}
					}
				},
				"targetAppConfig": {
					"sap.app": {
						"tags": {
							"keywords": []
						},
						"crossNavigation": {
							"inbounds": {
								"__GenericDefaultSemantic-__GenericDefaultAction": {
									"action": "cloud",
									"signature": {
										"parameters": {},
										"additionalParameters": "allowed"
									},
									"deviceTypes": {
										"phone": true,
										"tablet": true,
										"desktop": true
									},
									"semanticObject": "analytics"
								}
							}
						}
					},
					"_version": "1.13.0",
					"sap.integration": {
						"navMode": "inplace",
						"urlTemplateId": "urltemplate.nativeIOS",
						"urlTemplateParams": {
							"startUrl": "sap-analytics-cloud://",
							"installUrl": "https://apps.apple.com/us/app/sap-analytics-cloud/id981727250"
						}
					}
				}
			},
			"_version": "3.0",
			"identification": {
				"id": "ce0a4546-87ae-476e-a527-beced8639f36",
				"title": "{{cdm|identification|title}}",
				"entityType": "businessapp",
				"description": "{{cdm|identification|description}}"
			}
		}
	},
	{
		"metadata": {
			"updatedOn": 1629801365000,
			"updatedBy": "XXXX",
			"createdBy": "XXXX",
			"createdOn": 1628373024000,
			"context": {
				"id": "SUB_ACCOUNT",
				"contextType": "sub_account",
				"tenantId": "XXXX",
				"identityZoneId": "XXXX",
				"instanceId": "XXXX"
			}
		},
		"cdm": {
			"texts": {
				"cdm|identification|title": {
					"type": "XTIT",
					"value": {
						"": "Profit Center Actuals",
						"en": ""
					}
				},
				"cdm|identification|description": {
					"type": "XTIT",
					"value": {
						"": "PROD.FIS_FPM_OVP_IPACTPC",
						"en": ""
					}
				},
				"cdm|payload|visualizations|Default-VizId|vizConfig|sap.app|info": {
					"type": "XTIT",
					"value": {
						"": "Profit Center Accounting",
						"en": ""
					}
				},
				"cdm|payload|visualizations|Default-VizId|vizConfig|sap.app|subTitle": {
					"type": "XTIT",
					"value": {
						"": "Report on actual or plan data",
						"en": ""
					}
				}
			},
			"payload": {
				"defaultViz": "Default-VizId",
				"visualizations": {
					"Default-VizId": {
						"vizType": "sap.ushell.StaticAppLauncher",
						"vizConfig": {
							"sap.ui": {
								"icons": {
									"icon": "sap-icon://Fiori4/F0684"
								}
							},
							"sap.app": {
								"info": "{{cdm|payload|visualizations|Default-VizId|vizConfig|sap.app|info}}",
								"subTitle": "{{cdm|payload|visualizations|Default-VizId|vizConfig|sap.app|subTitle}}"
							},
							"sap.flp": {
								"target": {
									"type": "IBN",
									"inboundId": "__GenericDefaultSemantic-__GenericDefaultAction",
									"parameters": {}
								}
							}
						}
					}
				},
				"targetAppConfig": {
					"sap.app": {
						"tags": {
							"keywords": []
						},
						"destination": "ppsfourp",
						"crossNavigation": {
							"inbounds": {
								"__GenericDefaultSemantic-__GenericDefaultAction": {
									"action": "analyzeActualsPC",
									"signature": {
										"parameters": {},
										"additionalParameters": "allowed"
									},
									"deviceTypes": {
										"phone": false,
										"tablet": true,
										"desktop": true
									},
									"semanticObject": "ProfitCenter"
								}
							}
						}
					},
					"_version": "1.13.0",
					"sap.integration": {
						"navMode": "inplace",
						"urlTemplateId": "urltemplate.wda",
						"urlTemplateParams": {
							"wdaAppId": "FIS_FPM_OVP_IPACTPC",
							"wdaConfigId": "FIS_FPM_OVP_IPACTPC"
						}
					}
				}
			},
			"_version": "3.0",
			"identification": {
				"id": "ef115984-e7fe-4505-b753-9b9bb1891599",
				"title": "{{cdm|identification|title}}",
				"entityType": "businessapp",
				"description": "{{cdm|identification|description}}"
			}
		}
	},
	{
		"metadata": {
			"updatedOn": 1629801338000,
			"updatedBy": "XXXX",
			"createdBy": "XXXX",
			"createdOn": 1628373024000,
			"context": {
				"id": "SUB_ACCOUNT",
				"contextType": "sub_account",
				"tenantId": "XXXX",
				"identityZoneId": "XXXX",
				"instanceId": "XXXX"
			}
		},
		"cdm": {
			"texts": {
				"cdm|identification|title": {
					"type": "XTIT",
					"value": {
						"": "Cost Centers - Actuals",
						"en": ""
					}
				},
				"cdm|identification|description": {
					"type": "XTIT",
					"value": {
						"": "PROD.FIS_FPM_OVP_IPACTCC",
						"en": ""
					}
				},
				"cdm|payload|visualizations|Default-VizId|vizConfig|sap.app|info": {
					"type": "XTIT",
					"value": {
						"": "Cost Center Accounting",
						"en": ""
					}
				},
				"cdm|payload|visualizations|Default-VizId|vizConfig|sap.app|subTitle": {
					"type": "XTIT",
					"value": {
						"": "Report on actual or plan data ",
						"en": ""
					}
				}
			},
			"payload": {
				"defaultViz": "Default-VizId",
				"visualizations": {
					"Default-VizId": {
						"vizType": "sap.ushell.StaticAppLauncher",
						"vizConfig": {
							"sap.ui": {
								"icons": {
									"icon": "sap-icon://Fiori4/F0684"
								}
							},
							"sap.app": {
								"info": "{{cdm|payload|visualizations|Default-VizId|vizConfig|sap.app|info}}",
								"subTitle": "{{cdm|payload|visualizations|Default-VizId|vizConfig|sap.app|subTitle}}"
							},
							"sap.flp": {
								"target": {
									"type": "IBN",
									"inboundId": "__GenericDefaultSemantic-__GenericDefaultAction",
									"parameters": {}
								}
							}
						}
					}
				},
				"targetAppConfig": {
					"sap.app": {
						"tags": {
							"keywords": []
						},
						"destination": "ppsfourp",
						"crossNavigation": {
							"inbounds": {
								"__GenericDefaultSemantic-__GenericDefaultAction": {
									"action": "analyzeActualsPC",
									"signature": {
										"parameters": {},
										"additionalParameters": "allowed"
									},
									"deviceTypes": {
										"phone": false,
										"tablet": true,
										"desktop": true
									},
									"semanticObject": "CostCenter"
								}
							}
						}
					},
					"_version": "1.13.0",
					"sap.integration": {
						"navMode": "inplace",
						"urlTemplateId": "urltemplate.wda",
						"urlTemplateParams": {
							"wdaAppId": "FIS_FPM_OVP_IPACTCC",
							"wdaConfigId": "FIS_FPM_OVP_IPACTCC"
						}
					}
				}
			},
			"_version": "3.0",
			"identification": {
				"id": "279ae061-4cf1-4825-865c-65540bf8de62",
				"title": "{{cdm|identification|title}}",
				"entityType": "businessapp",
				"description": "{{cdm|identification|description}}"
			}
		}
	},
	{
		"metadata": {
			"updatedOn": 1629795210000,
			"updatedBy": "XXXX",
			"createdBy": "XXXX",
			"createdOn": 1628373024000,
			"context": {
				"id": "SUB_ACCOUNT",
				"contextType": "sub_account",
				"tenantId": "XXXX",
				"identityZoneId": "XXXX",
				"instanceId": "XXXX"
			}
		},
		"cdm": {
			"texts": {
				"cdm|identification|title": {
					"type": "XTIT",
					"value": {
						"": "Trial Balance",
						"en": ""
					}
				},
				"cdm|identification|description": {
					"type": "XTIT",
					"value": {
						"": "PROD.F0996",
						"en": ""
					}
				},
				"cdm|payload|visualizations|Default-VizId|vizConfig|sap.app|info": {
					"type": "XTIT",
					"value": {
						"": "General Ledger Accounting",
						"en": ""
					}
				},
				"cdm|payload|visualizations|Default-VizId|vizConfig|sap.app|subTitle": {
					"type": "XTIT",
					"value": {
						"": "Display debit or credit balances",
						"en": ""
					}
				}
			},
			"payload": {
				"defaultViz": "Default-VizId",
				"visualizations": {
					"Default-VizId": {
						"vizType": "sap.ushell.StaticAppLauncher",
						"vizConfig": {
							"sap.ui": {
								"icons": {
									"icon": "sap-icon://Fiori7/F0955"
								}
							},
							"sap.app": {
								"info": "{{cdm|payload|visualizations|Default-VizId|vizConfig|sap.app|info}}",
								"subTitle": "{{cdm|payload|visualizations|Default-VizId|vizConfig|sap.app|subTitle}}"
							},
							"sap.flp": {
								"target": {
									"type": "IBN",
									"inboundId": "__GenericDefaultSemantic-__GenericDefaultAction",
									"parameters": {}
								}
							}
						}
					}
				},
				"targetAppConfig": {
					"sap.app": {
						"tags": {
							"keywords": []
						},
						"destination": "ppsfourp",
						"crossNavigation": {
							"inbounds": {
								"__GenericDefaultSemantic-__GenericDefaultAction": {
									"action": "analyzeTrialBalance",
									"signature": {
										"parameters": {},
										"additionalParameters": "allowed"
									},
									"deviceTypes": {
										"phone": false,
										"tablet": true,
										"desktop": true
									},
									"semanticObject": "GLAccount"
								}
							}
						}
					},
					"_version": "1.13.0",
					"sap.integration": {
						"navMode": "inplace",
						"urlTemplateId": "urltemplate.url-dynamic",
						"urlTemplateParams": {
							"path": "",
							"query": {},
							"enableSapParams": true,
							"enableIntentParams": false
						}
					}
				}
			},
			"_version": "3.0",
			"identification": {
				"id": "9132fd3a-3d54-4e1e-9c2d-fa529834cd14",
				"title": "{{cdm|identification|title}}",
				"entityType": "businessapp",
				"description": "{{cdm|identification|description}}"
			}
		}
	},
	{
		"metadata": {
			"updatedOn": 1629799974000,
			"updatedBy": "XXXX",
			"createdBy": "XXXX",
			"createdOn": 1628373024000,
			"context": {
				"id": "SUB_ACCOUNT",
				"contextType": "sub_account",
				"tenantId": "XXXX",
				"identityZoneId": "XXXX",
				"instanceId": "XXXX"
			}
		},
		"cdm": {
			"texts": {
				"cdm|identification|title": {
					"type": "XTIT",
					"value": {
						"": "Liquidity Forecast",
						"en": ""
					}
				},
				"cdm|identification|description": {
					"type": "XTIT",
					"value": {
						"": "PROD.F0512A",
						"en": ""
					}
				},
				"cdm|payload|visualizations|Default-VizId|vizConfig|sap.app|info": {
					"type": "XTIT",
					"value": {
						"": "Cash Management",
						"en": ""
					}
				},
				"cdm|payload|visualizations|Default-VizId|vizConfig|sap.app|subTitle": {
					"type": "XTIT",
					"value": {
						"": "Forecast the liquidity trend",
						"en": ""
					}
				}
			},
			"payload": {
				"defaultViz": "Default-VizId",
				"visualizations": {
					"Default-VizId": {
						"vizType": "sap.ushell.StaticAppLauncher",
						"vizConfig": {
							"sap.ui": {
								"icons": {
									"icon": "sap-icon://line-chart"
								}
							},
							"sap.app": {
								"info": "{{cdm|payload|visualizations|Default-VizId|vizConfig|sap.app|info}}",
								"subTitle": "{{cdm|payload|visualizations|Default-VizId|vizConfig|sap.app|subTitle}}"
							},
							"sap.flp": {
								"target": {
									"type": "IBN",
									"inboundId": "__GenericDefaultSemantic-__GenericDefaultAction",
									"parameters": {}
								}
							}
						}
					}
				},
				"targetAppConfig": {
					"sap.app": {
						"tags": {
							"keywords": []
						},
						"destination": "ppsfourp",
						"crossNavigation": {
							"inbounds": {
								"__GenericDefaultSemantic-__GenericDefaultAction": {
									"action": "displayLiquidityForecast",
									"signature": {
										"parameters": {
											"EvaluationId": {
												"renameTo": "",
												"required": true,
												"defaultValue": {
													"value": ".SAP.SFIN.CASHMGR.LIQUIDITY90DAYS",
													"format": "plain"
												}
											}
										},
										"additionalParameters": "allowed"
									},
									"deviceTypes": {
										"phone": false,
										"tablet": true,
										"desktop": true
									},
									"semanticObject": "BankAccount"
								}
							}
						}
					},
					"_version": "1.13.0",
					"sap.integration": {
						"navMode": "inplace",
						"urlTemplateId": "urltemplate.fiori",
						"urlTemplateParams": {
							"appId": "ssuite.smartbusiness.runtime.s1"
						}
					}
				}
			},
			"_version": "3.0",
			"identification": {
				"id": "04092a5b-e70b-4243-af3c-c3b1ab429b59",
				"title": "{{cdm|identification|title}}",
				"entityType": "businessapp",
				"description": "{{cdm|identification|description}}"
			}
		}
	},
	{
		"metadata": {
			"updatedOn": 1629800363000,
			"updatedBy": "XXXX",
			"createdBy": "XXXX",
			"createdOn": 1628373024000,
			"context": {
				"id": "SUB_ACCOUNT",
				"contextType": "sub_account",
				"tenantId": "XXXX",
				"identityZoneId": "XXXX",
				"instanceId": "XXXX"
			}
		},
		"cdm": {
			"texts": {
				"cdm|identification|title": {
					"type": "XTIT",
					"value": {
						"": "Days Sales Outstanding (S/4HANA)",
						"en": ""
					}
				},
				"cdm|identification|description": {
					"type": "XTIT",
					"value": {
						"": "PROD.F1741",
						"en": ""
					}
				},
				"cdm|payload|visualizations|Default-VizId|vizConfig|sap.app|info": {
					"type": "XTIT",
					"value": {
						"": "Accounts Receivable Management",
						"en": ""
					}
				},
				"cdm|payload|visualizations|Default-VizId|vizConfig|sap.app|subTitle": {
					"type": "XTIT",
					"value": {
						"": "Display the KPI Days Sales Outstanding",
						"en": ""
					}
				}
			},
			"payload": {
				"defaultViz": "Default-VizId",
				"visualizations": {
					"Default-VizId": {
						"vizType": "sap.ushell.StaticAppLauncher",
						"vizConfig": {
							"sap.ui": {
								"icons": {
									"icon": ""
								}
							},
							"sap.app": {
								"info": "{{cdm|payload|visualizations|Default-VizId|vizConfig|sap.app|info}}",
								"subTitle": "{{cdm|payload|visualizations|Default-VizId|vizConfig|sap.app|subTitle}}"
							},
							"sap.flp": {
								"target": {
									"type": "IBN",
									"inboundId": "__GenericDefaultSemantic-__GenericDefaultAction",
									"parameters": {}
								}
							}
						}
					}
				},
				"targetAppConfig": {
					"sap.app": {
						"tags": {
							"keywords": []
						},
						"destination": "ppsfourp",
						"crossNavigation": {
							"inbounds": {
								"__GenericDefaultSemantic-__GenericDefaultAction": {
									"action": "analyzeSBKPIDaysSalesOutstanding",
									"signature": {
										"parameters": {
											"EvaluationId": {
												"renameTo": "",
												"required": false,
												"defaultValue": {
													"value": ".SAP.FI.AR.DAYSSALESOUTSTDG.LAST12M",
													"format": "plain"
												}
											}
										},
										"additionalParameters": "allowed"
									},
									"deviceTypes": {
										"phone": false,
										"tablet": true,
										"desktop": true
									},
									"semanticObject": "DaysSalesOutstandingKPI"
								}
							}
						}
					},
					"_version": "1.13.0",
					"sap.integration": {
						"navMode": "inplace",
						"urlTemplateId": "urltemplate.fiori",
						"urlTemplateParams": {
							"appId": "ssuite.smartbusiness.runtime.s1"
						}
					}
				}
			},
			"_version": "3.0",
			"identification": {
				"id": "ab554144-98ed-4e2e-ab74-29996c9030de",
				"title": "{{cdm|identification|title}}",
				"entityType": "businessapp",
				"description": "{{cdm|identification|description}}"
			}
		}
	},
	{
		"metadata": {
			"updatedOn": 1629801127000,
			"updatedBy": "XXXX",
			"createdBy": "XXXX",
			"createdOn": 1628373024000,
			"context": {
				"id": "SUB_ACCOUNT",
				"contextType": "sub_account",
				"tenantId": "XXXX",
				"identityZoneId": "XXXX",
				"instanceId": "XXXX"
			}
		},
		"cdm": {
			"texts": {
				"cdm|identification|title": {
					"type": "XTIT",
					"value": {
						"": "Cash Collection Tracker - Accounts Receivable",
						"en": ""
					}
				},
				"cdm|identification|description": {
					"type": "XTIT",
					"value": {
						"": "PROD.F2925",
						"en": ""
					}
				},
				"cdm|payload|visualizations|Default-VizId|vizConfig|sap.app|info": {
					"type": "XTIT",
					"value": {
						"": "Accounts Receivable Management",
						"en": ""
					}
				},
				"cdm|payload|visualizations|Default-VizId|vizConfig|sap.app|subTitle": {
					"type": "XTIT",
					"value": {
						"": "Track your collection progress against due receivables",
						"en": ""
					}
				}
			},
			"payload": {
				"defaultViz": "Default-VizId",
				"visualizations": {
					"Default-VizId": {
						"vizType": "sap.ushell.StaticAppLauncher",
						"vizConfig": {
							"sap.ui": {
								"icons": {
									"icon": "sap-icon://business-by-design"
								}
							},
							"sap.app": {
								"info": "{{cdm|payload|visualizations|Default-VizId|vizConfig|sap.app|info}}",
								"subTitle": "{{cdm|payload|visualizations|Default-VizId|vizConfig|sap.app|subTitle}}"
							},
							"sap.flp": {
								"target": {
									"type": "IBN",
									"inboundId": "__GenericDefaultSemantic-__GenericDefaultAction",
									"parameters": {}
								}
							}
						}
					}
				},
				"targetAppConfig": {
					"sap.app": {
						"tags": {
							"keywords": []
						},
						"destination": "ppsfourp",
						"crossNavigation": {
							"inbounds": {
								"__GenericDefaultSemantic-__GenericDefaultAction": {
									"action": "analyzeSBKPICashCollectionTrackerAR",
									"signature": {
										"parameters": {
											"EvaluationId": {
												"renameTo": "",
												"required": false,
												"defaultValue": {
													"value": ".E.1501775297372",
													"format": "plain"
												}
											}
										},
										"additionalParameters": "allowed"
									},
									"deviceTypes": {
										"phone": false,
										"tablet": true,
										"desktop": true
									},
									"semanticObject": "CashCollectionTrackerKPI"
								}
							}
						}
					},
					"_version": "1.13.0",
					"sap.integration": {
						"navMode": "inplace",
						"urlTemplateId": "urltemplate.fiori",
						"urlTemplateParams": {
							"appId": "ssuite.smartbusiness.runtime.s1"
						}
					}
				}
			},
			"_version": "3.0",
			"identification": {
				"id": "e56e16c8-1781-49cb-b045-020ce24a2d19",
				"title": "{{cdm|identification|title}}",
				"entityType": "businessapp",
				"description": "{{cdm|identification|description}}"
			}
		}
	},
	{
		"metadata": {
			"updatedOn": 1629801264000,
			"updatedBy": "XXXX",
			"createdBy": "XXXX",
			"createdOn": 1628373024000,
			"context": {
				"id": "SUB_ACCOUNT",
				"contextType": "sub_account",
				"tenantId": "XXXX",
				"identityZoneId": "XXXX",
				"instanceId": "XXXX"
			}
		},
		"cdm": {
			"texts": {
				"cdm|identification|title": {
					"type": "XTIT",
					"value": {
						"": "Cash Discount Utilization (S/4HANA)",
						"en": ""
					}
				},
				"cdm|identification|description": {
					"type": "XTIT",
					"value": {
						"": "PROD.F1736",
						"en": ""
					}
				},
				"cdm|payload|visualizations|Default-VizId|vizConfig|sap.app|info": {
					"type": "XTIT",
					"value": {
						"": "Accounts Payable Management",
						"en": ""
					}
				},
				"cdm|payload|visualizations|Default-VizId|vizConfig|sap.app|subTitle": {
					"type": "XTIT",
					"value": {
						"": "Monitor the cash discount utilization",
						"en": ""
					}
				}
			},
			"payload": {
				"defaultViz": "Default-VizId",
				"visualizations": {
					"Default-VizId": {
						"vizType": "sap.ushell.StaticAppLauncher",
						"vizConfig": {
							"sap.ui": {
								"icons": {
									"icon": ""
								}
							},
							"sap.app": {
								"info": "{{cdm|payload|visualizations|Default-VizId|vizConfig|sap.app|info}}",
								"subTitle": "{{cdm|payload|visualizations|Default-VizId|vizConfig|sap.app|subTitle}}"
							},
							"sap.flp": {
								"target": {
									"type": "IBN",
									"inboundId": "__GenericDefaultSemantic-__GenericDefaultAction",
									"parameters": {}
								}
							}
						}
					}
				},
				"targetAppConfig": {
					"sap.app": {
						"tags": {
							"keywords": []
						},
						"destination": "ppsfourp",
						"crossNavigation": {
							"inbounds": {
								"__GenericDefaultSemantic-__GenericDefaultAction": {
									"action": "analyzeSBKPICashDiscountUtilization",
									"signature": {
										"parameters": {
											"EvaluationId": {
												"renameTo": "",
												"required": false,
												"defaultValue": {
													"value": ".SAP.AP.DISCOUNTUTIL.60DAYS",
													"format": "plain"
												}
											}
										},
										"additionalParameters": "allowed"
									},
									"deviceTypes": {
										"phone": false,
										"tablet": true,
										"desktop": true
									},
									"semanticObject": "CashDiscountUtilizationKPI"
								}
							}
						}
					},
					"_version": "1.13.0",
					"sap.integration": {
						"navMode": "inplace",
						"urlTemplateId": "urltemplate.fiori",
						"urlTemplateParams": {
							"appId": "fin.ap.manager.ovp"
						}
					}
				}
			},
			"_version": "3.0",
			"identification": {
				"id": "467ec93b-4106-45d3-b586-20de24b8f829",
				"title": "{{cdm|identification|title}}",
				"entityType": "businessapp",
				"description": "{{cdm|identification|description}}"
			}
		}
	},
	{
		"metadata": {
			"updatedOn": 1629800988000,
			"updatedBy": "XXXX",
			"createdBy": "XXXX",
			"createdOn": 1628373024000,
			"context": {
				"id": "SUB_ACCOUNT",
				"contextType": "sub_account",
				"tenantId": "XXXX",
				"identityZoneId": "XXXX",
				"instanceId": "XXXX"
			}
		},
		"cdm": {
			"texts": {
				"cdm|identification|title": {
					"type": "XTIT",
					"value": {
						"": "Total Receivables (S/4HANA)",
						"en": ""
					}
				},
				"cdm|identification|description": {
					"type": "XTIT",
					"value": {
						"": "PROD.F1748",
						"en": ""
					}
				},
				"cdm|payload|visualizations|Default-VizId|vizConfig|sap.app|info": {
					"type": "XTIT",
					"value": {
						"": "Accounts Receivable Management",
						"en": ""
					}
				},
				"cdm|payload|visualizations|Default-VizId|vizConfig|sap.app|subTitle": {
					"type": "XTIT",
					"value": {
						"": "Display the KPI Total Receivables",
						"en": ""
					}
				}
			},
			"payload": {
				"defaultViz": "Default-VizId",
				"visualizations": {
					"Default-VizId": {
						"vizType": "sap.ushell.StaticAppLauncher",
						"vizConfig": {
							"sap.ui": {
								"icons": {
									"icon": ""
								}
							},
							"sap.app": {
								"info": "{{cdm|payload|visualizations|Default-VizId|vizConfig|sap.app|info}}",
								"subTitle": "{{cdm|payload|visualizations|Default-VizId|vizConfig|sap.app|subTitle}}"
							},
							"sap.flp": {
								"target": {
									"type": "IBN",
									"inboundId": "__GenericDefaultSemantic-__GenericDefaultAction",
									"parameters": {}
								}
							}
						}
					}
				},
				"targetAppConfig": {
					"sap.app": {
						"tags": {
							"keywords": []
						},
						"destination": "ppsfourp",
						"crossNavigation": {
							"inbounds": {
								"__GenericDefaultSemantic-__GenericDefaultAction": {
									"action": "analyzeSBKPITotalReceivables",
									"signature": {
										"parameters": {
											"EvaluationId": {
												"renameTo": "",
												"required": true,
												"defaultValue": {
													"value": ".SAP.FI.AR.TOTALRECEIVABLES.TODAY",
													"format": "plain"
												}
											}
										},
										"additionalParameters": "allowed"
									},
									"deviceTypes": {
										"phone": false,
										"tablet": true,
										"desktop": true
									},
									"semanticObject": "TotalReceivablesKPI"
								}
							}
						}
					},
					"_version": "1.13.0",
					"sap.integration": {
						"navMode": "inplace",
						"urlTemplateId": "urltemplate.fiori",
						"urlTemplateParams": {
							"appId": "ssuite.smartbusiness.runtime.s1"
						}
					}
				}
			},
			"_version": "3.0",
			"identification": {
				"id": "5d1fc6dc-d190-4ae4-8359-102a5c96cb73",
				"title": "{{cdm|identification|title}}",
				"entityType": "businessapp",
				"description": "{{cdm|identification|description}}"
			}
		}
	},
	{
		"metadata": {
			"updatedOn": 1628850739000,
			"updatedBy": "XXXX",
			"createdBy": "XXXX",
			"createdOn": 1628843745000,
			"context": {
				"id": "SUB_ACCOUNT",
				"contextType": "sub_account",
				"tenantId": "XXXX",
				"identityZoneId": "XXXX",
				"instanceId": "XXXX"
			}
		},
		"cdm": {
			"texts": {
				"cdm|identification|title": {
					"type": "XTIT",
					"value": {
						"": "Learning by SuccessFactors",
						"en": ""
					}
				},
				"cdm|identification|description": {
					"type": "XTIT",
					"value": {
						"": "Learning by SuccessFactors",
						"en": ""
					}
				},
				"cdm|payload|visualizations|Default-VizId|vizConfig|sap.app|info": {
					"type": "XTIT",
					"value": {
						"": "",
						"en": ""
					}
				},
				"cdm|payload|visualizations|Default-VizId|vizConfig|sap.app|subTitle": {
					"type": "XTIT",
					"value": {
						"": "",
						"en": ""
					}
				}
			},
			"payload": {
				"defaultViz": "Default-VizId",
				"visualizations": {
					"Default-VizId": {
						"vizType": "sap.ushell.StaticAppLauncher",
						"vizConfig": {
							"sap.ui": {
								"icons": {
									"icon": "https://is1-ssl.mzstatic.com/image/thumb/Purple125/v4/43/ad/62/43ad623e-5c4d-0ce4-68e6-f1da173ef0e0/AppIconValidatedPreview-1x_U007emarketing-0-6-0-85-220.png/146x0w.png"
								}
							},
							"sap.app": {
								"info": "{{cdm|payload|visualizations|Default-VizId|vizConfig|sap.app|info}}",
								"subTitle": "{{cdm|payload|visualizations|Default-VizId|vizConfig|sap.app|subTitle}}"
							},
							"sap.flp": {
								"target": {
									"type": "IBN",
									"inboundId": "__GenericDefaultSemantic-__GenericDefaultAction",
									"parameters": {
										"mobilestart.startUrl": {
											"value": {
												"value": "bizx://?urlType=deeplink&deeplinkType=learning",
												"format": "plain"
											}
										},
										"mobilestart.installUrl": {
											"value": {
												"value": "https://apps.apple.com/us/app/learning-by-successfactors/id1030964007",
												"format": "plain"
											}
										}
									}
								}
							}
						}
					}
				},
				"targetAppConfig": {
					"sap.app": {
						"tags": {
							"keywords": []
						},
						"crossNavigation": {
							"inbounds": {
								"__GenericDefaultSemantic-__GenericDefaultAction": {
									"action": "start",
									"signature": {
										"parameters": {},
										"additionalParameters": "allowed"
									},
									"deviceTypes": {
										"phone": true,
										"tablet": true,
										"desktop": true
									},
									"semanticObject": "successfactorslearning"
								}
							}
						}
					},
					"_version": "1.13.0",
					"sap.integration": {
						"navMode": "inplace",
						"urlTemplateId": "urltemplate.nativeIOS",
						"urlTemplateParams": {
							"startUrl": "bizx://?urlType=deeplink&deeplinkType=learning",
							"installUrl": "https://apps.apple.com/us/app/learning-by-successfactors/id1030964007"
						}
					}
				}
			},
			"_version": "3.0",
			"identification": {
				"id": "3d88d120-2910-4924-9f22-99de8fd0d373",
				"title": "{{cdm|identification|title}}",
				"entityType": "businessapp",
				"description": "{{cdm|identification|description}}"
			}
		}
	},
	{
		"metadata": {
			"updatedOn": 1611151305000,
			"updatedBy": "XXXX",
			"createdBy": "XXXX",
			"createdOn": 1611151305000,
			"context": {
				"id": "SUB_ACCOUNT",
				"contextType": "sub_account",
				"tenantId": "XXXX",
				"identityZoneId": "XXXX",
				"instanceId": "XXXX"
			}
		},
		"cdm": {
			"texts": {
				"cdm|identification|title": {
					"type": "XTIT",
					"value": {
						"": "SuccessFactors - Org Chart",
						"en": ""
					}
				},
				"cdm|identification|description": {
					"type": "XTIT",
					"value": {
						"": "PROD.ios.SuccessFactors - Org Chart",
						"en": ""
					}
				},
				"cdm|payload|visualizations|Default-VizId|vizConfig|sap.app|info": {
					"type": "XTIT",
					"value": {
						"": "",
						"en": ""
					}
				},
				"cdm|payload|visualizations|Default-VizId|vizConfig|sap.app|subTitle": {
					"type": "XTIT",
					"value": {
						"": "",
						"en": ""
					}
				}
			},
			"payload": {
				"defaultViz": "Default-VizId",
				"visualizations": {
					"Default-VizId": {
						"vizType": "sap.ushell.StaticAppLauncher",
						"vizConfig": {
							"sap.ui": {
								"icons": {
									"icon": ""
								}
							},
							"sap.app": {
								"info": "{{cdm|payload|visualizations|Default-VizId|vizConfig|sap.app|info}}",
								"subTitle": "{{cdm|payload|visualizations|Default-VizId|vizConfig|sap.app|subTitle}}"
							},
							"sap.flp": {
								"target": {
									"type": "IBN",
									"inboundId": "__GenericDefaultSemantic-__GenericDefaultAction",
									"parameters": {
										"mobilestart.startUrl ": {
											"value": {
												"value": "bizx://?urlType=deeplink&deeplinkType=orgChart",
												"format": "plain"
											}
										},
										"mobilestart.installUrl": {
											"value": {
												"value": "https://apps.apple.com/de/app/successfactors/id426562526",
												"format": "plain"
											}
										}
									}
								}
							}
						}
					}
				},
				"targetAppConfig": {
					"sap.app": {
						"tags": {
							"keywords": []
						},
						"crossNavigation": {
							"inbounds": {
								"__GenericDefaultSemantic-__GenericDefaultAction": {
									"action": "start",
									"signature": {
										"parameters": {},
										"additionalParameters": "allowed"
									},
									"deviceTypes": {
										"phone": true,
										"tablet": true,
										"desktop": false
									},
									"semanticObject": "successfactorsorgchart"
								}
							}
						}
					},
					"_version": "1.13.0",
					"sap.integration": {
						"navMode": "inplace",
						"urlTemplateId": "urltemplate.url",
						"urlTemplateParams": {
							"url": "http://sap.com",
							"query": {},
							"enableSapParams": true
						}
					}
				}
			},
			"_version": "3.0",
			"identification": {
				"id": "45e8b5c2-b537-4157-9f04-b280fe6400d7",
				"title": "{{cdm|identification|title}}",
				"entityType": "businessapp",
				"description": "{{cdm|identification|description}}"
			}
		}
	},
	{
		"metadata": {
			"updatedOn": 1628595436000,
			"updatedBy": "XXXX",
			"createdBy": "XXXX",
			"createdOn": 1628595436000,
			"context": {
				"id": "SUB_ACCOUNT",
				"contextType": "sub_account",
				"tenantId": "XXXX",
				"identityZoneId": "XXXX",
				"instanceId": "XXXX"
			}
		},
		"cdm": {
			"texts": {
				"cdm|identification|title": {
					"type": "XTIT",
					"value": {
						"": "SuccessFactors ",
						"en": ""
					}
				},
				"cdm|identification|description": {
					"type": "XTIT",
					"value": {
						"": "DEMO - SAPIT",
						"en": ""
					}
				},
				"cdm|payload|visualizations|Default-VizId|vizConfig|sap.app|info": {
					"type": "XTIT",
					"value": {
						"": "SuccessFactors",
						"en": ""
					}
				},
				"cdm|payload|visualizations|Default-VizId|vizConfig|sap.app|subTitle": {
					"type": "XTIT",
					"value": {
						"": "Learning",
						"en": ""
					}
				}
			},
			"payload": {
				"defaultViz": "Default-VizId",
				"visualizations": {
					"Default-VizId": {
						"vizType": "sap.ushell.StaticAppLauncher",
						"vizConfig": {
							"sap.ui": {
								"icons": {
									"icon": "https://is4-ssl.mzstatic.com/image/thumb/Purple125/v4/84/79/72/847972bb-aa3f-c190-36bb-4a37f9c50449/AppIcon-1x_U007emarketing-0-6-0-85-220.png/230x0w.png"
								}
							},
							"sap.app": {
								"info": "{{cdm|payload|visualizations|Default-VizId|vizConfig|sap.app|info}}",
								"subTitle": "{{cdm|payload|visualizations|Default-VizId|vizConfig|sap.app|subTitle}}"
							},
							"sap.flp": {
								"target": {
									"type": "IBN",
									"inboundId": "__GenericDefaultSemantic-__GenericDefaultAction",
									"parameters": {
										"mobilestart.startUrl": {
											"value": {
												"value": "bizx://?urlType=deeplink&deeplinkType=profile",
												"format": "plain"
											}
										},
										"mobilestart.localIcon": {
											"value": {
												"value": "successFactors",
												"format": "plain"
											}
										},
										"mobilestart.installUrl ": {
											"value": {
												"value": "https://apps.apple.com/de/app/successfactors/id426562526",
												"format": "plain"
											}
										}
									}
								}
							}
						}
					}
				},
				"targetAppConfig": {
					"sap.app": {
						"tags": {
							"keywords": []
						},
						"crossNavigation": {
							"inbounds": {
								"__GenericDefaultSemantic-__GenericDefaultAction": {
									"action": "start",
									"signature": {
										"parameters": {},
										"additionalParameters": "allowed"
									},
									"deviceTypes": {
										"phone": true,
										"tablet": true,
										"desktop": true
									},
									"semanticObject": "successfactors"
								}
							}
						}
					},
					"_version": "1.13.0",
					"sap.integration": {
						"navMode": "inplace",
						"urlTemplateId": "urltemplate.nativeIOS",
						"urlTemplateParams": {
							"startUrl": "bizx://?urlType=deeplink&deeplinkType=profile",
							"installUrl": "https://apps.apple.com/de/app/successfactors/id426562526"
						}
					}
				}
			},
			"_version": "3.0",
			"identification": {
				"id": "a72a1a25-b29d-4539-9ad0-017ac5bb0a94",
				"title": "{{cdm|identification|title}}",
				"entityType": "businessapp",
				"description": "{{cdm|identification|description}}"
			}
		}
	},
	{
		"metadata": {
			"updatedOn": 1628595436000,
			"updatedBy": "XXXX",
			"createdBy": "XXXX",
			"createdOn": 1628595436000,
			"context": {
				"id": "SUB_ACCOUNT",
				"contextType": "sub_account",
				"tenantId": "XXXX",
				"identityZoneId": "XXXX",
				"instanceId": "XXXX"
			}
		},
		"cdm": {
			"texts": {
				"cdm|identification|title": {
					"type": "XTIT",
					"value": {
						"": "SAP Concur",
						"en": ""
					}
				},
				"cdm|identification|description": {
					"type": "XTIT",
					"value": {
						"": "Native App",
						"en": ""
					}
				},
				"cdm|payload|visualizations|Default-VizId|vizConfig|sap.app|info": {
					"type": "XTIT",
					"value": {
						"": "SAP Concur",
						"en": ""
					}
				},
				"cdm|payload|visualizations|Default-VizId|vizConfig|sap.app|subTitle": {
					"type": "XTIT",
					"value": {
						"": "Travel & Expenses",
						"en": ""
					}
				}
			},
			"payload": {
				"defaultViz": "Default-VizId",
				"visualizations": {
					"Default-VizId": {
						"vizType": "sap.ushell.StaticAppLauncher",
						"vizConfig": {
							"sap.ui": {
								"icons": {
									"icon": "https://is2-ssl.mzstatic.com/image/thumb/Purple115/v4/86/4a/4b/864a4b95-4978-5f7c-300a-4f597336ec0c/AppIcon-1x_U007emarketing-0-7-0-85-220.png/230x0w.png"
								}
							},
							"sap.app": {
								"info": "{{cdm|payload|visualizations|Default-VizId|vizConfig|sap.app|info}}",
								"subTitle": "{{cdm|payload|visualizations|Default-VizId|vizConfig|sap.app|subTitle}}"
							},
							"sap.flp": {
								"target": {
									"type": "IBN",
									"inboundId": "__GenericDefaultSemantic-__GenericDefaultAction",
									"parameters": {
										"mobilestart.startUrl": {
											"value": {
												"value": "concurmobile://",
												"format": "plain"
											}
										},
										"mobilestart.localIcon": {
											"value": {
												"value": "concur",
												"format": "plain"
											}
										},
										"mobilestart.installUrl": {
											"value": {
												"value": "https://apps.apple.com/de/app/sap-concur/id335023774",
												"format": "plain"
											}
										}
									}
								}
							}
						}
					}
				},
				"targetAppConfig": {
					"sap.app": {
						"tags": {
							"keywords": []
						},
						"crossNavigation": {
							"inbounds": {
								"__GenericDefaultSemantic-__GenericDefaultAction": {
									"action": "start",
									"signature": {
										"parameters": {},
										"additionalParameters": "allowed"
									},
									"deviceTypes": {
										"phone": true,
										"tablet": true,
										"desktop": false
									},
									"semanticObject": "sapconcur"
								}
							}
						}
					},
					"_version": "1.13.0",
					"sap.integration": {
						"navMode": "explace",
						"urlTemplateId": "urltemplate.nativeIOS",
						"urlTemplateParams": {
							"startUrl": "concurmobile://",
							"installUrl": "https://apps.apple.com/de/app/sap-concur/id335023774"
						}
					}
				}
			},
			"_version": "3.0",
			"identification": {
				"id": "c4c24f37-15de-41e7-83c9-7709019aac04",
				"title": "{{cdm|identification|title}}",
				"entityType": "businessapp",
				"description": "{{cdm|identification|description}}"
			}
		}
	},
	{
		"metadata": {
			"updatedOn": 1629795468000,
			"updatedBy": "XXXX",
			"createdBy": "XXXX",
			"createdOn": 1628373024000,
			"context": {
				"id": "SUB_ACCOUNT",
				"contextType": "sub_account",
				"tenantId": "XXXX",
				"identityZoneId": "XXXX",
				"instanceId": "XXXX"
			}
		},
		"cdm": {
			"texts": {
				"cdm|identification|title": {
					"type": "XTIT",
					"value": {
						"": "My Inbox",
						"en": ""
					}
				},
				"cdm|identification|description": {
					"type": "XTIT",
					"value": {
						"": "PROD.F0862",
						"en": ""
					}
				},
				"cdm|payload|visualizations|Default-VizId|vizConfig|sap.app|info": {
					"type": "XTIT",
					"value": {
						"": "S/4HANA",
						"en": ""
					}
				},
				"cdm|payload|visualizations|Default-VizId|vizConfig|sap.app|subTitle": {
					"type": "XTIT",
					"value": {
						"": "All Items",
						"en": ""
					}
				}
			},
			"payload": {
				"defaultViz": "Default-VizId",
				"visualizations": {
					"Default-VizId": {
						"vizType": "sap.ushell.DynamicAppLauncher",
						"vizConfig": {
							"sap.ui": {
								"icons": {
									"icon": "sap-icon://complete"
								}
							},
							"sap.app": {
								"info": "{{cdm|payload|visualizations|Default-VizId|vizConfig|sap.app|info}}",
								"subTitle": "{{cdm|payload|visualizations|Default-VizId|vizConfig|sap.app|subTitle}}"
							},
							"sap.flp": {
								"target": {
									"type": "IBN",
									"inboundId": "__GenericDefaultSemantic-__GenericDefaultAction",
									"parameters": {
										"allItems": {
											"value": {
												"value": "true",
												"format": "plain"
											}
										}
									}
								},
								"indicatorDataSource": {
									"path": "/dynamic_dest/ppsfourp/sap/opu/odata/IWPGW/TASKPROCESSING;v=2;mo/TaskCollection/$count/?$filter=Status eq 'READY' or Status eq 'RESERVED' or Status eq 'IN_PROGRESS' or Status eq 'EXECUTED'",
									"refresh": 10,
									"dataSource": "ppsfourp"
								}
							}
						}
					}
				},
				"commonAppConfig": {
					"sap.app": {
						"dataSources": {
							"ppsfourp": {
								"uri": "/dynamic_dest/ppsfourp",
								"type": "JSON"
							}
						}
					}
				},
				"targetAppConfig": {
					"sap.app": {
						"tags": {
							"keywords": []
						},
						"destination": "ppsfourp",
						"crossNavigation": {
							"inbounds": {
								"__GenericDefaultSemantic-__GenericDefaultAction": {
									"action": "displayInbox",
									"signature": {
										"parameters": {},
										"additionalParameters": "allowed"
									},
									"deviceTypes": {
										"phone": true,
										"tablet": true,
										"desktop": true
									},
									"semanticObject": "WorkflowTask"
								}
							}
						}
					},
					"_version": "1.13.0",
					"sap.integration": {
						"navMode": "inplace",
						"urlTemplateId": "urltemplate.fiori",
						"urlTemplateParams": {
							"appId": "cross.fnd.fiori.inbox"
						}
					}
				}
			},
			"_version": "3.0",
			"identification": {
				"id": "15255855-5148-461d-a73b-c49c2d942286",
				"title": "{{cdm|identification|title}}",
				"entityType": "businessapp",
				"description": "{{cdm|identification|description}}"
			}
		}
	},
	{
		"metadata": {
			"updatedOn": 1628486867000,
			"updatedBy": "XXXX",
			"createdBy": "XXXX",
			"createdOn": 1628486867000,
			"context": {
				"id": "SUB_ACCOUNT",
				"contextType": "sub_account",
				"tenantId": "XXXX",
				"identityZoneId": "XXXX",
				"instanceId": "XXXX"
			}
		},
		"cdm": {
			"texts": {
				"cdm|identification|title": {
					"type": "XTIT",
					"value": {
						"": "Company News",
						"en": ""
					}
				},
				"cdm|identification|description": {
					"type": "XTIT",
					"value": {
						"": "TB SAP Today",
						"en": ""
					}
				},
				"cdm|payload|visualizations|Default-VizId|vizConfig|sap.app|info": {
					"type": "XTIT",
					"value": {
						"": "https://news.sap.com/feed/",
						"en": ""
					}
				},
				"cdm|payload|visualizations|Default-VizId|vizConfig|sap.app|subTitle": {
					"type": "XTIT",
					"value": {
						"": "SAP Today",
						"en": ""
					}
				}
			},
			"payload": {
				"defaultViz": "Default-VizId",
				"visualizations": {
					"Default-VizId": {
						"vizType": "sap.ushell.StaticAppLauncher",
						"vizConfig": {
							"sap.ui": {
								"icons": {
									"icon": "sap-icon://building"
								}
							},
							"sap.app": {
								"info": "{{cdm|payload|visualizations|Default-VizId|vizConfig|sap.app|info}}",
								"subTitle": "{{cdm|payload|visualizations|Default-VizId|vizConfig|sap.app|subTitle}}"
							},
							"sap.flp": {
								"target": {
									"type": "IBN",
									"inboundId": "__GenericDefaultSemantic-__GenericDefaultAction",
									"parameters": {
										"mobilestart.type": {
											"value": {
												"value": "news",
												"format": "plain"
											}
										},
										"mobilestart.feedUrl": {
											"value": {
												"value": "https://news.sap.com/feed/",
												"format": "plain"
											}
										},
										"mobilestart.feedItemTitle": {
											"value": {
												"value": "title",
												"format": "plain"
											}
										},
										"mobilestart.feedItemChannelTitle": {
											"value": {
												"value": "title",
												"format": "plain"
											}
										},
										"mobilestart.feedItemPublishingDate": {
											"value": {
												"value": "pubDate",
												"format": "plain"
											}
										},
										"mobilestart.feedItemNavigationTargetLink": {
											"value": {
												"value": "link",
												"format": "plain"
											}
										}
									}
								}
							}
						}
					}
				},
				"targetAppConfig": {
					"sap.app": {
						"tags": {
							"keywords": []
						},
						"crossNavigation": {
							"inbounds": {
								"__GenericDefaultSemantic-__GenericDefaultAction": {
									"action": "SAPTODAY_APP",
									"signature": {
										"parameters": {},
										"additionalParameters": "allowed"
									},
									"deviceTypes": {
										"phone": true,
										"tablet": true,
										"desktop": true
									},
									"semanticObject": "SAPTODAY"
								}
							}
						}
					},
					"_version": "1.13.0",
					"sap.integration": {
						"navMode": "explace",
						"urlTemplateId": "urltemplate.url",
						"urlTemplateParams": {
							"url": "http://sap.com",
							"query": {},
							"enableSapParams": true
						}
					}
				}
			},
			"_version": "3.0",
			"identification": {
				"id": "bfd87714-a18b-4e4c-a99d-b27f224083ce",
				"title": "{{cdm|identification|title}}",
				"entityType": "businessapp",
				"description": "{{cdm|identification|description}}"
			}
		}
	}
]