[
	{
		"metadata": {
			"updatedOn": 1628850019000,
			"updatedBy": "XXXX",
			"createdBy": "XXXX",
			"createdOn": 1628597632000,
			"context": {
				"id": "SUB_ACCOUNT",
				"contextType": "sub_account",
				"tenantId": "XXXX",
				"identityZoneId": "XXXX",
				"instanceId": "XXXX"
			}
		},
		"cdm": {
			"texts": {
				"cdm|identification|title": {
					"type": "XTIT",
					"value": {
						"": "SAP Mobile Start Cross Apps",
						"en": ""
					}
				},
				"cdm|identification|description": {
					"type": "XTIT",
					"value": {
						"": "SAP Mobile Start Cross Apps",
						"en": ""
					}
				}
			},
			"payload": {
				"tiles": []
			},
			"_version": "3.0",
			"relations": {
				"viz": [
					{
						"label": "ref",
						"target": {
							"id": "bfd87714-a18b-4e4c-a99d-b27f224083ce",
							"context": {
								"id": "SUB_ACCOUNT",
								"type": "SUB_ACCOUNT"
							},
							"entityType": "businessapp",
							"properties": {
								"vizId": "Default-VizId"
							}
						}
					}
				]
			},
			"identification": {
				"id": "67ee9719-8d7f-4244-a375-5a39f7678c88",
				"title": "{{cdm|identification|title}}",
				"entityType": "group",
				"description": "{{cdm|identification|description}}"
			}
		}
	},
	{
		"metadata": {
			"updatedOn": 1629706332000,
			"updatedBy": "XXXX",
			"createdBy": "XXXX",
			"createdOn": 1628595436000,
			"context": {
				"id": "SUB_ACCOUNT",
				"contextType": "sub_account",
				"tenantId": "XXXX",
				"identityZoneId": "XXXX",
				"instanceId": "XXXX"
			}
		},
		"cdm": {
			"texts": {
				"cdm|identification|title": {
					"type": "XTIT",
					"value": {
						"": "Native",
						"en": ""
					}
				},
				"cdm|identification|description": {
					"type": "XTIT",
					"value": {
						"": "SAP Mobile Start Native Apps",
						"en": ""
					}
				}
			},
			"payload": {
				"tiles": []
			},
			"_version": "3.0",
			"relations": {
				"viz": [
					{
						"label": "ref",
						"target": {
							"id": "c4c24f37-15de-41e7-83c9-7709019aac04",
							"context": {
								"id": "SUB_ACCOUNT",
								"type": "SUB_ACCOUNT"
							},
							"entityType": "businessapp",
							"properties": {
								"vizId": "Default-VizId"
							}
						}
					},
					{
						"label": "ref",
						"target": {
							"id": "a72a1a25-b29d-4539-9ad0-017ac5bb0a94",
							"context": {
								"id": "SUB_ACCOUNT",
								"type": "SUB_ACCOUNT"
							},
							"entityType": "businessapp",
							"properties": {
								"vizId": "Default-VizId"
							}
						}
					},
					{
						"label": "ref",
						"target": {
							"id": "1413b162-d70c-4fb2-8fe0-5eb5c6bc9b10",
							"context": {
								"id": "SUB_ACCOUNT",
								"type": "SUB_ACCOUNT"
							},
							"entityType": "businessapp",
							"properties": {
								"vizId": "Default-VizId"
							}
						}
					},
					{
						"label": "ref",
						"target": {
							"id": "928068e9-64be-4f75-b7fd-10d67277dd83",
							"context": {
								"id": "SUB_ACCOUNT",
								"type": "SUB_ACCOUNT"
							},
							"entityType": "businessapp",
							"properties": {
								"vizId": "Default-VizId"
							}
						}
					},
					{
						"label": "ref",
						"target": {
							"id": "ce0a4546-87ae-476e-a527-beced8639f36",
							"context": {
								"id": "SUB_ACCOUNT",
								"type": "SUB_ACCOUNT"
							},
							"entityType": "businessapp",
							"properties": {
								"vizId": "Default-VizId"
							}
						}
					},
					{
						"label": "ref",
						"target": {
							"id": "45e8b5c2-b537-4157-9f04-b280fe6400d7",
							"context": {
								"id": "SUB_ACCOUNT",
								"type": "SUB_ACCOUNT"
							},
							"entityType": "businessapp",
							"properties": {
								"vizId": "Default-VizId"
							}
						}
					},
					{
						"label": "ref",
						"target": {
							"id": "3d88d120-2910-4924-9f22-99de8fd0d373",
							"context": {
								"id": "SUB_ACCOUNT",
								"type": "SUB_ACCOUNT"
							},
							"entityType": "businessapp",
							"properties": {
								"vizId": "Default-VizId"
							}
						}
					}
				]
			},
			"identification": {
				"id": "dffd1857-4a1b-484a-b932-f49e01ccf71b",
				"title": "{{cdm|identification|title}}",
				"entityType": "group",
				"description": "{{cdm|identification|description}}"
			}
		}
	},
	{
		"metadata": {
			"updatedOn": 1628597449000,
			"updatedBy": "XXXX",
			"createdBy": "XXXX",
			"createdOn": 1628373024000,
			"context": {
				"id": "SUB_ACCOUNT",
				"contextType": "sub_account",
				"tenantId": "XXXX",
				"identityZoneId": "XXXX",
				"instanceId": "XXXX"
			}
		},
		"cdm": {
			"texts": {
				"cdm|identification|title": {
					"type": "XTIT",
					"value": {
						"": "Retail Store Operations",
						"en": ""
					}
				},
				"cdm|identification|description": {
					"type": "XTIT",
					"value": {
						"": "Retail Store Operations - Digital Core",
						"en": ""
					}
				}
			},
			"payload": {
				"tiles": []
			},
			"_version": "3.0",
			"relations": {
				"viz": [
					{
						"label": "ref",
						"target": {
							"id": "c3b62741-67b7-42d9-a85b-68e78b73d89c",
							"context": {
								"id": "SUB_ACCOUNT",
								"type": "SUB_ACCOUNT"
							},
							"entityType": "businessapp",
							"properties": {
								"vizId": "Default-VizId"
							}
						}
					},
					{
						"label": "ref",
						"target": {
							"id": "b5ae6bbc-84a1-49fb-bf98-7b34ccc63d8a",
							"context": {
								"id": "SUB_ACCOUNT",
								"type": "SUB_ACCOUNT"
							},
							"entityType": "businessapp",
							"properties": {
								"vizId": "Default-VizId"
							}
						}
					},
					{
						"label": "ref",
						"target": {
							"id": "d4ff14fb-6daf-41eb-9246-f6c6226d8848",
							"context": {
								"id": "SUB_ACCOUNT",
								"type": "SUB_ACCOUNT"
							},
							"entityType": "businessapp",
							"properties": {
								"vizId": "Default-VizId"
							}
						}
					},
					{
						"label": "ref",
						"target": {
							"id": "4fd9b9d5-7fb1-4c1c-91f7-0ec6e95dbbdd",
							"context": {
								"id": "SUB_ACCOUNT",
								"type": "SUB_ACCOUNT"
							},
							"entityType": "businessapp",
							"properties": {
								"vizId": "Default-VizId"
							}
						}
					},
					{
						"label": "ref",
						"target": {
							"id": "1b6b6614-b75f-4abc-b4eb-512e3bd77f1d",
							"context": {
								"id": "SUB_ACCOUNT",
								"type": "SUB_ACCOUNT"
							},
							"entityType": "businessapp",
							"properties": {
								"vizId": "Default-VizId"
							}
						}
					},
					{
						"label": "ref",
						"target": {
							"id": "c4de9246-3626-4f5c-86f3-caf53c302ffe",
							"context": {
								"id": "SUB_ACCOUNT",
								"type": "SUB_ACCOUNT"
							},
							"entityType": "businessapp",
							"properties": {
								"vizId": "Default-VizId"
							}
						}
					},
					{
						"label": "ref",
						"target": {
							"id": "e85fb578-3595-45d5-a041-41087292be52",
							"context": {
								"id": "SUB_ACCOUNT",
								"type": "SUB_ACCOUNT"
							},
							"entityType": "businessapp",
							"properties": {
								"vizId": "Default-VizId"
							}
						}
					},
					{
						"label": "ref",
						"target": {
							"id": "c9257c55-cac0-456f-acd5-ec3236ba4725",
							"context": {
								"id": "SUB_ACCOUNT",
								"type": "SUB_ACCOUNT"
							},
							"entityType": "businessapp",
							"properties": {
								"vizId": "Default-VizId"
							}
						}
					},
					{
						"label": "ref",
						"target": {
							"id": "7b5f2fb6-f303-43f9-9cac-613267431d5a",
							"context": {
								"id": "SUB_ACCOUNT",
								"type": "SUB_ACCOUNT"
							},
							"entityType": "businessapp",
							"properties": {
								"vizId": "Default-VizId"
							}
						}
					}
				]
			},
			"identification": {
				"id": "86febfed-27b9-41b1-8c9b-ae1d14940c79",
				"title": "{{cdm|identification|title}}",
				"entityType": "group",
				"description": "{{cdm|identification|description}}"
			}
		}
	}
]