[
	{
		"metadata": {
			"updatedOn": 1628518557000,
			"updatedBy": "XXXX",
			"createdBy": "XXXX",
			"createdOn": 1628373024000,
			"context": {
				"id": "SUB_ACCOUNT",
				"contextType": "sub_account",
				"tenantId": "XXXX",
				"identityZoneId": "XXXX",
				"instanceId": "XXXX"
			}
		},
		"cdm": {
			"texts": {
				"cdm|identification|title": {
					"type": "XTIT",
					"value": {
						"": "Retail Store Operations",
						"en": ""
					}
				},
				"cdm|identification|description": {
					"type": "XTIT",
					"value": {
						"": "Retail Store Operations - Digital Core",
						"en": ""
					}
				}
			},
			"payload": {
				"viz": []
			},
			"_version": "3.0",
			"relations": {
				"viz": [
					{
						"label": "ref",
						"target": {
							"id": "c3b62741-67b7-42d9-a85b-68e78b73d89c",
							"context": {
								"id": "SUB_ACCOUNT",
								"type": "SUB_ACCOUNT"
							},
							"entityType": "businessapp",
							"properties": {
								"vizId": "Default-VizId"
							}
						}
					},
					{
						"label": "ref",
						"target": {
							"id": "b5ae6bbc-84a1-49fb-bf98-7b34ccc63d8a",
							"context": {
								"id": "SUB_ACCOUNT",
								"type": "SUB_ACCOUNT"
							},
							"entityType": "businessapp",
							"properties": {
								"vizId": "Default-VizId"
							}
						}
					},
					{
						"label": "ref",
						"target": {
							"id": "d4ff14fb-6daf-41eb-9246-f6c6226d8848",
							"context": {
								"id": "SUB_ACCOUNT",
								"type": "SUB_ACCOUNT"
							},
							"entityType": "businessapp",
							"properties": {
								"vizId": "Default-VizId"
							}
						}
					},
					{
						"label": "ref",
						"target": {
							"id": "4fd9b9d5-7fb1-4c1c-91f7-0ec6e95dbbdd",
							"context": {
								"id": "SUB_ACCOUNT",
								"type": "SUB_ACCOUNT"
							},
							"entityType": "businessapp",
							"properties": {
								"vizId": "Default-VizId"
							}
						}
					},
					{
						"label": "ref",
						"target": {
							"id": "1b6b6614-b75f-4abc-b4eb-512e3bd77f1d",
							"context": {
								"id": "SUB_ACCOUNT",
								"type": "SUB_ACCOUNT"
							},
							"entityType": "businessapp",
							"properties": {
								"vizId": "Default-VizId"
							}
						}
					},
					{
						"label": "ref",
						"target": {
							"id": "c4de9246-3626-4f5c-86f3-caf53c302ffe",
							"context": {
								"id": "SUB_ACCOUNT",
								"type": "SUB_ACCOUNT"
							},
							"entityType": "businessapp",
							"properties": {
								"vizId": "Default-VizId"
							}
						}
					},
					{
						"label": "ref",
						"target": {
							"id": "e85fb578-3595-45d5-a041-41087292be52",
							"context": {
								"id": "SUB_ACCOUNT",
								"type": "SUB_ACCOUNT"
							},
							"entityType": "businessapp",
							"properties": {
								"vizId": "Default-VizId"
							}
						}
					},
					{
						"label": "ref",
						"target": {
							"id": "c9257c55-cac0-456f-acd5-ec3236ba4725",
							"context": {
								"id": "SUB_ACCOUNT",
								"type": "SUB_ACCOUNT"
							},
							"entityType": "businessapp",
							"properties": {
								"vizId": "Default-VizId"
							}
						}
					},
					{
						"label": "ref",
						"target": {
							"id": "7b5f2fb6-f303-43f9-9cac-613267431d5a",
							"context": {
								"id": "SUB_ACCOUNT",
								"type": "SUB_ACCOUNT"
							},
							"entityType": "businessapp",
							"properties": {
								"vizId": "Default-VizId"
							}
						}
					},
					{
						"label": "ref",
						"target": {
							"id": "06e3498e-6020-4337-bea3-e558a298663d",
							"context": {
								"id": "SUB_ACCOUNT",
								"type": "SUB_ACCOUNT"
							},
							"entityType": "businessapp",
							"properties": {
								"vizId": "Default-VizId"
							}
						}
					}
				]
			},
			"identification": {
				"id": "f997a595-adec-4a8f-9347-734b22434cd9",
				"title": "{{cdm|identification|title}}",
				"entityType": "catalog",
				"description": "{{cdm|identification|description}}"
			}
		}
	},
	{
		"metadata": {
			"updatedOn": 1628580992000,
			"updatedBy": "XXXX",
			"createdBy": "XXXX",
			"createdOn": 1628373024000,
			"context": {
				"id": "SUB_ACCOUNT",
				"contextType": "sub_account",
				"tenantId": "XXXX",
				"identityZoneId": "XXXX",
				"instanceId": "XXXX"
			}
		},
		"cdm": {
			"texts": {
				"cdm|identification|title": {
					"type": "XTIT",
					"value": {
						"": "General Ledger - Reporting",
						"en": ""
					}
				},
				"cdm|identification|description": {
					"type": "XTIT",
					"value": {
						"": "General Ledger - Reporting",
						"en": ""
					}
				}
			},
			"payload": {
				"viz": []
			},
			"_version": "3.0",
			"relations": {
				"viz": [
					{
						"label": "ref",
						"target": {
							"id": "cbd4ff79-0738-4a1f-a0a5-978352caace5",
							"context": {
								"id": "SUB_ACCOUNT",
								"type": "SUB_ACCOUNT"
							},
							"entityType": "businessapp",
							"properties": {
								"vizId": "Default-VizId"
							}
						}
					},
					{
						"label": "ref",
						"target": {
							"id": "0ce84485-c7a3-4a8f-b6f8-36c42c665268",
							"context": {
								"id": "SUB_ACCOUNT",
								"type": "SUB_ACCOUNT"
							},
							"entityType": "businessapp",
							"properties": {
								"vizId": "Default-VizId"
							}
						}
					},
					{
						"label": "ref",
						"target": {
							"id": "15255855-5148-461d-a73b-c49c2d942286",
							"context": {
								"id": "SUB_ACCOUNT",
								"type": "SUB_ACCOUNT"
							},
							"entityType": "businessapp",
							"properties": {
								"vizId": "Default-VizId"
							}
						}
					},
					{
						"label": "ref",
						"target": {
							"id": "ab554144-98ed-4e2e-ab74-29996c9030de",
							"context": {
								"id": "SUB_ACCOUNT",
								"type": "SUB_ACCOUNT"
							},
							"entityType": "businessapp",
							"properties": {
								"vizId": "Default-VizId"
							}
						}
					},
					{
						"label": "ref",
						"target": {
							"id": "9132fd3a-3d54-4e1e-9c2d-fa529834cd14",
							"context": {
								"id": "SUB_ACCOUNT",
								"type": "SUB_ACCOUNT"
							},
							"entityType": "businessapp",
							"properties": {
								"vizId": "Default-VizId"
							}
						}
					},
					{
						"label": "ref",
						"target": {
							"id": "a53f3c93-db32-42e7-9209-7804629cb6ca",
							"context": {
								"id": "SUB_ACCOUNT",
								"type": "SUB_ACCOUNT"
							},
							"entityType": "businessapp",
							"properties": {
								"vizId": "Default-VizId"
							}
						}
					},
					{
						"label": "ref",
						"target": {
							"id": "c64469ee-01f6-483f-8f21-ef67584d6b75",
							"context": {
								"id": "SUB_ACCOUNT",
								"type": "SUB_ACCOUNT"
							},
							"entityType": "businessapp",
							"properties": {
								"vizId": "Default-VizId"
							}
						}
					},
					{
						"label": "ref",
						"target": {
							"id": "058dc3c1-1aed-40db-bc56-173d04c84da9",
							"context": {
								"id": "SUB_ACCOUNT",
								"type": "SUB_ACCOUNT"
							},
							"entityType": "businessapp",
							"properties": {
								"vizId": "Default-VizId"
							}
						}
					},
					{
						"label": "ref",
						"target": {
							"id": "1e8ca0fb-382d-46e9-aa16-13785d5bd7ac",
							"context": {
								"id": "SUB_ACCOUNT",
								"type": "SUB_ACCOUNT"
							},
							"entityType": "businessapp",
							"properties": {
								"vizId": "Default-VizId"
							}
						}
					},
					{
						"label": "ref",
						"target": {
							"id": "c18b4712-db4d-4399-a556-59c64f6b0020",
							"context": {
								"id": "SUB_ACCOUNT",
								"type": "SUB_ACCOUNT"
							},
							"entityType": "businessapp",
							"properties": {
								"vizId": "Default-VizId"
							}
						}
					},
					{
						"label": "ref",
						"target": {
							"id": "04092a5b-e70b-4243-af3c-c3b1ab429b59",
							"context": {
								"id": "SUB_ACCOUNT",
								"type": "SUB_ACCOUNT"
							},
							"entityType": "businessapp",
							"properties": {
								"vizId": "Default-VizId"
							}
						}
					},
					{
						"label": "ref",
						"target": {
							"id": "ad7cf51b-3855-43b6-85c3-70bc2bb4101b",
							"context": {
								"id": "SUB_ACCOUNT",
								"type": "SUB_ACCOUNT"
							},
							"entityType": "businessapp",
							"properties": {
								"vizId": "Default-VizId"
							}
						}
					},
					{
						"label": "ref",
						"target": {
							"id": "af05b1cd-984b-4d58-ab72-c1fb68a0a618",
							"context": {
								"id": "SUB_ACCOUNT",
								"type": "SUB_ACCOUNT"
							},
							"entityType": "businessapp",
							"properties": {
								"vizId": "Default-VizId"
							}
						}
					},
					{
						"label": "ref",
						"target": {
							"id": "f1f69a9a-d06d-469d-93fc-ec2c7834d645",
							"context": {
								"id": "SUB_ACCOUNT",
								"type": "SUB_ACCOUNT"
							},
							"entityType": "businessapp",
							"properties": {
								"vizId": "Default-VizId"
							}
						}
					},
					{
						"label": "ref",
						"target": {
							"id": "c2988efa-0ded-4857-9ee0-6ef72af896d0",
							"context": {
								"id": "SUB_ACCOUNT",
								"type": "SUB_ACCOUNT"
							},
							"entityType": "businessapp",
							"properties": {
								"vizId": "Default-VizId"
							}
						}
					},
					{
						"label": "ref",
						"target": {
							"id": "2abe9a5b-0fc8-4f69-92a0-68b39b85a2a4",
							"context": {
								"id": "SUB_ACCOUNT",
								"type": "SUB_ACCOUNT"
							},
							"entityType": "businessapp",
							"properties": {
								"vizId": "Default-VizId"
							}
						}
					},
					{
						"label": "ref",
						"target": {
							"id": "279ae061-4cf1-4825-865c-65540bf8de62",
							"context": {
								"id": "SUB_ACCOUNT",
								"type": "SUB_ACCOUNT"
							},
							"entityType": "businessapp",
							"properties": {
								"vizId": "Default-VizId"
							}
						}
					},
					{
						"label": "ref",
						"target": {
							"id": "ef115984-e7fe-4505-b753-9b9bb1891599",
							"context": {
								"id": "SUB_ACCOUNT",
								"type": "SUB_ACCOUNT"
							},
							"entityType": "businessapp",
							"properties": {
								"vizId": "Default-VizId"
							}
						}
					},
					{
						"label": "ref",
						"target": {
							"id": "ca0af74f-6e00-4a3b-8228-3554932b0369",
							"context": {
								"id": "SUB_ACCOUNT",
								"type": "SUB_ACCOUNT"
							},
							"entityType": "businessapp",
							"properties": {
								"vizId": "Default-VizId"
							}
						}
					},
					{
						"label": "ref",
						"target": {
							"id": "5d1fc6dc-d190-4ae4-8359-102a5c96cb73",
							"context": {
								"id": "SUB_ACCOUNT",
								"type": "SUB_ACCOUNT"
							},
							"entityType": "businessapp",
							"properties": {
								"vizId": "Default-VizId"
							}
						}
					},
					{
						"label": "ref",
						"target": {
							"id": "467ec93b-4106-45d3-b586-20de24b8f829",
							"context": {
								"id": "SUB_ACCOUNT",
								"type": "SUB_ACCOUNT"
							},
							"entityType": "businessapp",
							"properties": {
								"vizId": "Default-VizId"
							}
						}
					},
					{
						"label": "ref",
						"target": {
							"id": "e56e16c8-1781-49cb-b045-020ce24a2d19",
							"context": {
								"id": "SUB_ACCOUNT",
								"type": "SUB_ACCOUNT"
							},
							"entityType": "businessapp",
							"properties": {
								"vizId": "Default-VizId"
							}
						}
					},
					{
						"label": "ref",
						"target": {
							"id": "647a390d-3c3d-41c8-8cf2-0d95e22c91b4",
							"context": {
								"id": "SUB_ACCOUNT",
								"type": "SUB_ACCOUNT"
							},
							"entityType": "businessapp",
							"properties": {
								"vizId": "Default-VizId"
							}
						}
					},
					{
						"label": "ref",
						"target": {
							"id": "c4c24f37-15de-41e7-83c9-7709019aac04",
							"context": {
								"id": "SUB_ACCOUNT",
								"type": "SUB_ACCOUNT"
							},
							"entityType": "businessapp",
							"properties": {
								"vizId": "Default-VizId"
							}
						}
					}
				]
			},
			"identification": {
				"id": "a53a49fa-7712-4e68-aaae-dd8484bcc756",
				"title": "{{cdm|identification|title}}",
				"entityType": "catalog",
				"description": "{{cdm|identification|description}}"
			}
		}
	}
]